,Goal 1,Goal 2,Goal 3
timestamp,cps,cps,cps
14:34:16.5638,1.0000,1.0000,1.0000
14:34:17.5593,1.0000,1.0000,1.0000
14:34:18.5593,1.0000,1.0000,1.0000
14:34:19.5629,1.0000,1.0000,1.0000
14:34:20.5643,1.0000,1.0000,1.0000
14:34:21.5657,1.0000,1.0000,1.0000
14:34:22.5684,1.0000,1.0000,1.0000
14:34:23.5688,1.0000,1.0000,1.0000
14:34:24.5688,1.0000,1.0000,1.0000
14:34:25.5688,1.0000,1.0000,1.0000
14:34:26.5689,1.0000,1.0000,1.0000
14:34:27.5704,1.0000,1.0000,1.0000
14:34:28.5705,1.0000,1.0000,1.0000
14:34:29.5733,1.0000,1.0000,1.0000
14:34:30.5753,1.0000,1.0000,1.0000
14:34:31.5758,1.0000,1.0000,1.0000
14:34:32.5765,1.0000,1.0000,1.0000
14:34:33.5790,1.0000,1.0000,1.0000
14:34:34.5780,1.0000,1.0000,1.0000
14:34:35.5779,1.0000,1.0000,1.0000
14:34:36.5780,1.0000,1.0000,1.0000
14:34:37.5780,1.0000,1.0000,1.0000
14:34:38.5780,1.0000,1.0000,1.0000
14:34:39.5815,1.0000,1.0000,1.0000
14:34:40.5825,1.0000,1.0000,1.0000
14:34:41.5850,1.0000,1.0000,1.0000
14:34:42.5872,1.0000,1.0000,1.0000
14:34:43.5873,1.0000,1.0000,1.0000
14:34:44.5873,1.0000,1.0000,1.0000
14:34:45.5879,1.0000,1.0000,1.0000
14:34:46.5874,1.0000,1.0000,1.0000
14:34:47.5887,1.0000,1.0000,1.0000
14:34:48.5890,1.0000,1.0000,1.0000
14:34:49.5899,1.0000,1.0000,1.0000
14:34:50.5900,1.0000,1.0000,1.0000
14:34:51.5944,1.0000,1.0000,1.0000
14:34:52.5961,1.0000,1.0000,1.0000
14:34:53.5983,1.0000,1.0000,1.0000
14:34:54.6017,1.0000,1.0000,1.0000
14:34:55.6041,1.0000,1.0000,1.0000
14:34:56.6069,1.0000,1.0000,1.0000
14:34:57.6141,1.0000,1.0000,1.0000
14:34:58.6109,1.0000,1.0000,1.0000
14:34:59.6109,1.0000,1.0000,1.0000
14:35:00.6125,1.0000,1.0000,1.0000
14:35:01.6128,1.0000,1.0000,1.0000
14:35:02.6133,1.0000,1.0000,1.0000
14:35:03.6129,1.0000,1.0000,1.0000
14:35:04.6131,1.0000,1.0000,1.0000
14:35:05.6139,1.0000,1.0000,1.0000
14:35:06.6161,1.0000,1.0000,1.0000
14:35:07.6194,1.0000,1.0000,1.0000
14:35:08.6210,1.0000,1.0000,1.0000
14:35:09.6242,1.0000,1.0000,1.0000
14:35:10.6241,1.0000,1.0000,1.0000
14:35:11.6266,1.0000,1.0000,1.0000
14:35:12.6269,1.0000,1.0000,1.0000
14:35:13.6301,1.0000,1.0000,1.0000
14:35:14.6301,1.0000,1.0000,1.0000
14:35:15.6315,1.0000,1.0000,1.0000
14:35:16.6325,1.0000,1.0000,1.0000
14:35:17.6350,1.0000,1.0000,1.0000
14:35:18.6365,1.0000,1.0000,1.0000
14:35:19.6385,1.0000,1.0000,1.0000
14:35:20.6385,1.0000,1.0000,1.0000
14:35:21.6386,1.0000,1.0000,1.0000
14:35:22.6406,1.0000,1.0000,1.0000
14:35:23.6409,1.0000,1.0000,1.0000
14:35:24.6435,1.0000,1.0000,1.0000
14:35:25.6449,1.0000,1.0000,1.0000
14:35:26.6452,1.0000,1.0000,1.0000
14:35:27.6452,1.0000,1.0000,1.0000
14:35:28.6453,1.0000,1.0000,1.0000
14:35:29.6453,1.0000,1.0000,1.0000
14:35:30.6454,1.0000,1.0000,1.0000
14:35:31.6464,1.0000,1.0000,1.0000
14:35:32.6465,1.0000,1.0000,1.0000
14:35:33.6465,1.0000,1.0000,1.0000
14:35:34.6502,1.0000,1.0000,1.0000
14:35:35.6512,1.0000,1.0000,1.0000
14:35:36.6538,1.0000,1.0000,1.0000
14:35:37.6560,1.0000,1.0000,1.0000
14:35:38.6557,1.0000,1.0000,1.0000
14:35:39.6574,1.0000,1.0000,1.0000
14:35:40.6598,1.0000,1.0000,1.0000
14:35:41.6599,1.0000,1.0000,1.0000
14:35:42.6620,1.0000,1.0000,1.0000
14:35:43.6682,1.0000,1.0000,0.9697
14:35:44.6652,1.0000,1.0000,0.9783
14:35:45.6682,1.0000,1.0000,0.9787
14:35:46.6701,1.0000,1.0000,0.9792
14:35:47.6710,1.0000,1.0000,0.9796
14:35:48.6709,1.0000,1.0000,0.9800
14:35:49.6710,1.0000,1.0000,0.9804
14:35:50.6733,1.0000,1.0000,0.9808
14:35:51.6766,1.0000,1.0000,0.9811
14:35:52.6766,1.0000,1.0000,0.9815
14:35:53.6772,1.0000,1.0000,0.9818
14:35:54.6803,1.0000,1.0000,0.9821
14:35:55.6818,1.0000,1.0000,0.9825
14:35:56.6831,1.0000,1.0000,0.9828
14:35:57.6835,1.0000,1.0000,0.9831
14:35:58.6845,1.0000,0.9796,0.9833
14:35:59.6866,1.0000,0.9608,0.9836
14:36:00.6881,1.0000,0.9615,0.9839
14:36:01.6901,1.0000,0.9623,0.9839
14:36:02.6901,1.0000,0.9630,0.9839
14:36:03.6916,1.0000,0.9636,0.9839
14:36:04.6916,1.0000,0.9643,0.9839
14:36:05.6917,1.0000,0.9649,0.9839
14:36:06.6918,1.0000,0.9655,0.9839
14:36:07.6918,1.0000,0.9661,0.9839
14:36:08.6918,1.0000,0.9667,0.9839
14:36:09.6956,1.0000,0.9672,0.9839
14:36:10.6983,1.0000,0.9677,0.9839
14:36:11.6985,1.0000,0.9683,0.9839
14:36:12.7003,1.0000,0.9688,0.9841
14:36:13.7013,1.0000,0.9692,0.9844
14:36:14.7053,1.0000,0.9697,0.9846
14:36:15.7089,1.0000,0.9701,0.9848
14:36:16.7117,1.0000,0.9706,0.9851
14:36:17.7124,1.0000,0.9710,0.9853
14:36:18.7157,1.0000,0.9714,0.9855
14:36:19.7157,1.0000,0.9718,0.9857
14:36:20.7157,1.0000,0.9722,0.9859
14:36:21.7245,1.0000,0.9726,0.9861
14:36:22.7236,1.0000,0.9730,0.9863
14:36:23.7224,1.0000,0.9730,0.9865
14:36:24.7250,1.0000,0.9733,0.9867
14:36:25.7269,1.0000,0.9737,0.9868
14:36:26.7270,1.0000,0.9740,0.9870
14:36:27.7275,1.0000,0.9744,0.9872
14:36:28.7277,1.0000,0.9747,0.9873
14:36:29.7309,1.0000,0.9750,0.9875
14:36:30.7309,1.0000,0.9753,0.9877
14:36:31.7310,1.0000,0.9756,0.9878
14:36:32.7373,1.0000,0.9759,0.9880
14:36:33.7338,1.0000,0.9762,0.9881
14:36:34.7345,1.0000,0.9765,0.9882
14:36:35.7374,1.0000,0.9767,0.9884
14:36:36.7396,1.0000,0.9770,0.9885
14:36:37.7414,1.0000,0.9773,0.9689
14:36:38.7414,1.0000,0.9775,0.9500
14:36:39.7415,1.0000,0.9778,0.9318
14:36:40.7415,1.0000,0.9780,0.9144
14:36:41.7422,1.0000,0.9783,0.8975
14:36:42.7422,1.0000,0.9785,0.8812
14:36:43.7423,1.0000,0.9787,0.8655
14:36:44.7432,1.0000,0.9789,0.8503
14:36:45.7451,1.0000,0.9792,0.8356
14:36:46.7466,1.0000,0.9794,0.8243
14:36:47.7474,1.0000,0.9796,0.8136
14:36:48.7477,1.0000,0.9798,0.8037
14:36:49.7499,1.0000,0.9800,0.7943
14:36:50.7544,1.0000,0.9802,0.7855
14:36:51.7561,1.0000,0.9804,0.7772
14:36:52.7584,1.0000,0.9804,0.7802
14:36:53.7584,1.0000,0.9804,0.7831
14:36:54.7586,1.0000,0.9804,0.7859
14:36:55.7586,1.0000,0.9804,0.7886
14:36:56.7586,1.0000,0.9804,0.7913
14:36:57.7587,1.0000,0.9804,0.7939
14:36:58.7588,1.0000,0.9702,0.7964
14:36:59.7627,1.0000,0.9604,0.7964
14:37:00.7641,1.0000,0.9510,0.7965
14:37:01.7679,1.0000,0.9419,0.7966
14:37:02.7698,1.0000,0.9333,0.7967
14:37:03.7698,1.0000,0.9249,0.7968
14:37:04.7699,1.0000,0.9168,0.7969
14:37:05.7699,1.0000,0.9091,0.7970
14:37:06.7753,1.0000,0.9016,0.7971
14:37:07.7773,1.0000,0.8944,0.7971
14:37:08.7770,1.0000,0.8874,0.7972
14:37:09.7775,1.0000,0.8807,0.7973
14:37:10.7786,1.0000,0.8742,0.7974
14:37:11.7817,1.0000,0.8679,0.7975
14:37:12.7820,0.9941,0.8618,0.7975
14:37:13.7855,0.9882,0.8559,0.7976
14:37:14.7866,0.9825,0.8502,0.7977
14:37:15.7906,0.9767,0.8446,0.7977
14:37:16.7889,0.9769,0.8393,0.7978
14:37:17.7896,0.9770,0.8341,0.7979
14:37:18.7929,0.9771,0.8290,0.7979
14:37:19.7929,0.9773,0.8241,0.7979
14:37:20.7930,0.9774,0.8193,0.7979
14:37:21.7931,0.9775,0.8147,0.7979
14:37:22.7931,0.9777,0.8159,0.7979
14:37:23.7931,0.9778,0.8170,0.7979
14:37:24.7955,0.9778,0.8181,0.7979
14:37:25.7953,0.9778,0.8192,0.7980
14:37:26.7983,0.9778,0.8203,0.7981
14:37:27.7999,0.9724,0.8214,0.7981
14:37:28.8020,0.9737,0.8225,0.7982
14:37:29.8021,0.9738,0.8235,0.7983
14:37:30.8041,0.9740,0.8246,0.8008
14:37:31.8067,0.9741,0.8256,0.8033
14:37:32.8099,0.9742,0.8266,0.8057
14:37:33.8104,0.9744,0.8278,0.8080
14:37:34.8113,0.9745,0.8289,0.8103
14:37:35.8109,0.9746,0.8300,0.8126
14:37:36.8109,0.9747,0.8312,0.8147
14:37:37.8110,0.9749,0.8322,0.8168
14:37:38.8110,0.9750,0.8333,0.8189
14:37:39.8114,0.9751,0.8344,0.8210
14:37:40.8115,0.9752,0.8355,0.8230
14:37:41.8129,0.9754,0.8365,0.8249
14:37:42.8163,0.9755,0.8375,0.8268
14:37:43.8164,0.9756,0.8312,0.8287
14:37:44.8169,0.9757,0.8251,0.8305
14:37:45.8175,0.9758,0.8192,0.8323
14:37:46.8175,0.9760,0.8135,0.8341
14:37:47.8175,0.9761,0.8080,0.8358
14:37:48.8188,0.9762,0.8026,0.8375
14:37:49.8227,0.9711,0.8039,0.8391
14:37:50.8288,0.9660,0.8051,0.8406
14:37:51.8272,0.9610,0.8063,0.8422
14:37:52.8300,0.9561,0.8074,0.8437
14:37:53.8318,0.9512,0.8086,0.8451
14:37:54.8337,0.9463,0.8098,0.8466
14:37:55.8338,0.9507,0.8109,0.8466
14:37:56.8352,0.9509,0.8120,0.8467
14:37:57.8386,0.9511,0.8131,0.8467
14:37:58.8411,0.9513,0.8142,0.8468
14:37:59.8426,0.9515,0.8153,0.8468
14:38:00.8444,0.9518,0.8164,0.8468
14:38:01.8459,0.9520,0.8174,0.8469
14:38:02.8459,0.9522,0.8185,0.8469
14:38:03.8459,0.9524,0.8195,0.8470
14:38:04.8460,0.9526,0.8154,0.8470
14:38:05.8462,0.9528,0.8114,0.8471
14:38:06.8463,0.9530,0.8074,0.8485
14:38:07.8490,0.9532,0.8035,0.8499
14:38:08.8512,0.9534,0.7995,0.8514
14:38:09.8513,0.9536,0.7956,0.8527
14:38:10.8513,0.9538,0.7918,0.8541
14:38:11.8542,0.9540,0.7880,0.8554
14:38:12.8550,0.9542,0.7842,0.8567
14:38:13.8550,0.9544,0.7805,0.8580
14:38:14.8559,0.9545,0.7768,0.8592
14:38:15.8560,0.9547,0.7731,0.8604
14:38:16.8588,0.9549,0.7694,0.8616
14:38:17.8615,0.9551,0.7658,0.8627
14:38:18.8616,0.9553,0.7623,0.8638
14:38:19.8616,0.9554,0.7587,0.8650
14:38:20.8618,0.9555,0.7552,0.8661
14:38:21.8619,0.9555,0.7517,0.8671
14:38:22.8643,0.9556,0.7478,0.8682
14:38:23.8669,0.9557,0.7439,0.8692
14:38:24.8684,0.9558,0.7400,0.8703
14:38:25.8685,0.9559,0.7362,0.8713
14:38:26.8715,0.9559,0.7486,0.8723
14:38:27.8720,0.9560,0.7493,0.8732
14:38:28.8741,0.9561,0.7500,0.8742
14:38:29.8744,0.9562,0.7506,0.8752
14:38:30.8763,0.9563,0.7513,0.8761
14:38:31.8763,0.9575,0.7519,0.8770
14:38:32.8810,0.9577,0.7525,0.8779
14:38:33.8837,0.9579,0.7532,0.8788
14:38:34.8842,0.9580,0.7484,0.8797
14:38:35.8871,0.9582,0.7498,0.8805
14:38:36.8896,0.9583,0.7501,0.8814
14:38:37.8908,0.9585,0.7505,0.8823
14:38:38.8939,0.9586,0.7509,0.8832
14:38:39.8959,0.9588,0.7513,0.8840
14:38:40.8960,0.9590,0.7517,0.8848
14:38:41.8960,0.9591,0.7521,0.8857
14:38:42.8961,0.9593,0.7524,0.8865
14:38:43.8961,0.9593,0.7528,0.8873
14:38:44.8974,0.9594,0.7534,0.8881
14:38:45.8973,0.9595,0.7540,0.8888
14:38:46.8977,0.9595,0.7509,0.8896
14:38:47.8995,0.9596,0.7476,0.8904
14:38:48.9018,0.9597,0.7443,0.8911
14:38:49.9052,0.9597,0.7410,0.8919
14:38:50.9068,0.9598,0.7380,0.8926
14:38:51.9073,0.9599,0.7350,0.8933
14:38:52.9073,0.9599,0.7320,0.8940
14:38:53.9103,0.9600,0.7291,0.8947
14:38:54.9129,0.9601,0.7262,0.8954
14:38:55.9130,0.9601,0.7233,0.8961
14:38:56.9131,0.9602,0.7204,0.8967
14:38:57.9132,0.9603,0.7175,0.8974
14:38:58.9131,0.9603,0.7147,0.8981
14:38:59.9138,0.9604,0.7119,0.8987
14:39:00.9132,0.9604,0.7091,0.8993
14:39:01.9170,0.9605,0.7063,0.9000
14:39:02.9181,0.9606,0.7036,0.9006
14:39:03.9205,0.9606,0.7009,0.9012
14:39:04.9202,0.9607,0.6982,0.9018
14:39:05.9203,0.9607,0.6955,0.9024
14:39:06.9203,0.9608,0.6928,0.9030
14:39:07.9210,0.9609,0.6902,0.9035
14:39:08.9236,0.9609,0.6876,0.9041
14:39:09.9236,0.9610,0.6850,0.9041
14:39:10.9275,0.9610,0.6824,0.9041
14:39:11.9298,0.9611,0.6798,0.9041
14:39:12.9304,0.9611,0.6773,0.9046
14:39:13.9306,0.9633,0.6747,0.9046
14:39:14.9364,0.9634,0.6688,0.9046
14:39:15.9333,0.9635,0.6630,0.9046
14:39:16.9368,0.9638,0.6572,0.9046
14:39:17.9369,0.9639,0.6556,0.9046
14:39:18.9381,0.9641,0.6540,0.8997
14:39:19.9398,0.9641,0.6524,0.9003
14:39:20.9399,0.9642,0.6509,0.9008
14:39:21.9400,0.9642,0.6494,0.9014
14:39:22.9405,0.9643,0.6479,0.9019
14:39:23.9413,0.9643,0.6464,0.9025
14:39:24.9444,0.9611,0.6450,0.9030
14:39:25.9476,0.9579,0.6435,0.9035
14:39:26.9488,0.9548,0.6420,0.9040
14:39:27.9488,0.9517,0.6406,0.9045
14:39:28.9501,0.9518,0.6392,0.9051
14:39:29.9499,0.9519,0.6378,0.9056
14:39:30.9501,0.9519,0.6364,0.9060
14:39:31.9522,0.9520,0.6351,0.9065
14:39:32.9546,0.9520,0.6338,0.9070
14:39:33.9552,0.9521,0.6325,0.9075
14:39:34.9567,0.9527,0.6312,0.9080
14:39:35.9566,0.9528,0.6299,0.9084
14:39:36.9601,0.9528,0.6287,0.9089
14:39:37.9625,0.9540,0.6275,0.9094
14:39:38.9645,0.9542,0.6263,0.9099
14:39:39.9646,0.9543,0.6251,0.9103
14:39:40.9646,0.9545,0.6239,0.9108
14:39:41.9646,0.9546,0.6249,0.9113
14:39:42.9667,0.9547,0.6260,0.9117
14:39:43.9668,0.9549,0.6270,0.9122
14:39:44.9690,0.9550,0.6281,0.9126
14:39:45.9692,0.9551,0.6291,0.9131
14:39:46.9699,0.9553,0.6301,0.9135
14:39:47.9699,0.9554,0.6280,0.9140
14:39:48.9730,0.9555,0.6259,0.9144
14:39:49.9746,0.9556,0.6238,0.9148
14:39:50.9777,0.9557,0.6217,0.9153
14:39:51.9808,0.9558,0.6199,0.9157
14:39:52.9809,0.9559,0.6181,0.9161
14:39:53.9842,0.9559,0.6164,0.9165
14:39:54.9867,0.9531,0.6147,0.9165
14:39:55.9877,0.9502,0.6159,0.9166
14:39:56.9889,0.9474,0.6171,0.9166
14:39:57.9893,0.9447,0.6183,0.9166
14:39:58.9894,0.9448,0.6195,0.9166
14:39:59.9907,0.9449,0.6207,0.9166
14:40:00.9926,0.9450,0.6219,0.9167
14:40:01.9927,0.9420,0.6231,0.9167
14:40:02.9929,0.9391,0.6242,0.9167
14:40:03.9940,0.9362,0.6254,0.9167
14:40:04.9938,0.9375,0.6265,0.9168
14:40:05.9949,0.9376,0.6277,0.9168
14:40:06.9974,0.9378,0.6288,0.9168
14:40:07.9991,0.9388,0.6299,0.9172
14:40:09.0026,0.9390,0.6311,0.9176
14:40:10.0025,0.9391,0.6322,0.9179
14:40:11.0025,0.9393,0.6333,0.9183
14:40:12.0013,0.9395,0.6344,0.9187
14:40:13.0017,0.9396,0.6355,0.9190
14:40:14.0047,0.9397,0.6366,0.9194
14:40:15.0048,0.9399,0.6377,0.9198
14:40:16.0048,0.9400,0.6387,0.9201
14:40:17.0048,0.9403,0.6398,0.9205
14:40:18.0051,0.9404,0.6406,0.9208
14:40:19.0050,0.9406,0.6415,0.9212
14:40:20.0054,0.9408,0.6423,0.9215
14:40:21.0055,0.9409,0.6431,0.9219
14:40:22.0084,0.9411,0.6439,0.9222
14:40:23.0092,0.9412,0.6447,0.9225
14:40:24.0090,0.9414,0.6454,0.9229
14:40:25.0091,0.9415,0.6462,0.9232
14:40:26.0097,0.9417,0.6470,0.9235
14:40:27.0097,0.9418,0.6478,0.9238
14:40:28.0107,0.9419,0.6486,0.9242
14:40:29.0129,0.9422,0.6493,0.9245
14:40:30.0130,0.9423,0.6501,0.9248
14:40:31.0130,0.9425,0.6508,0.9251
14:40:32.0140,0.9426,0.6516,0.9254
14:40:33.0165,0.9428,0.6524,0.9257
14:40:34.0165,0.9429,0.6531,0.9260
14:40:35.0167,0.9431,0.6538,0.9263
14:40:36.0170,0.9432,0.6546,0.9266
14:40:37.0181,0.9433,0.6553,0.9269
14:40:38.0207,0.9434,0.6560,0.9272
14:40:39.0203,0.9435,0.6568,0.9275
14:40:40.0211,0.9436,0.6575,0.9278
14:40:41.0222,0.9437,0.6582,0.9281
14:40:42.0250,0.9437,0.6583,0.9283
14:40:43.0269,0.9438,0.6585,0.9284
14:40:44.0270,0.9439,0.6586,0.9284
14:40:45.0279,0.9440,0.6587,0.9284
14:40:46.0295,0.9441,0.6589,0.9284
14:40:47.0317,0.9442,0.6590,0.9284
14:40:48.0331,0.9442,0.6591,0.9285
14:40:49.0341,0.9443,0.6592,0.9285
14:40:50.0343,0.9449,0.6594,0.9285
14:40:51.0354,0.9450,0.6595,0.9285
14:40:52.0354,0.9451,0.6599,0.9285
14:40:53.0355,0.9456,0.6603,0.9286
14:40:54.0375,0.9457,0.6606,0.9286
14:40:55.0376,0.9458,0.6610,0.9286
14:40:56.0376,0.9460,0.6614,0.9286
14:40:57.0398,0.9461,0.6617,0.9286
14:40:58.0398,0.9462,0.6621,0.9286
14:40:59.0413,0.9464,0.6625,0.9287
14:41:00.0425,0.9465,0.6628,0.9287
14:41:01.0426,0.9441,0.6632,0.9287
14:41:02.0453,0.9417,0.6635,0.9287
14:41:03.0481,0.9393,0.6639,0.9287
14:41:04.0512,0.9369,0.6642,0.9288
14:41:05.0518,0.9378,0.6646,0.9288
14:41:06.0519,0.9380,0.6627,0.9288
14:41:07.0519,0.9381,0.6615,0.9288
14:41:08.0530,0.9382,0.6603,0.9288
14:41:09.0558,0.9384,0.6593,0.9288
14:41:10.0560,0.9385,0.6584,0.9289
14:41:11.0573,0.9387,0.6574,0.9289
14:41:12.0574,0.9389,0.6565,0.9289
14:41:13.0598,0.9390,0.6556,0.9289
14:41:14.0601,0.9391,0.6547,0.9289
14:41:15.0601,0.9392,0.6538,0.9289
14:41:16.0604,0.9393,0.6529,0.9289
14:41:17.0605,0.9395,0.6520,0.9290
14:41:18.0606,0.9396,0.6511,0.9290
14:41:19.0606,0.9397,0.6503,0.9290
14:41:20.0607,0.9398,0.6494,0.9290
14:41:21.0613,0.9399,0.6486,0.9290
14:41:22.0651,0.9400,0.6476,0.9290
14:41:23.0684,0.9400,0.6466,0.9291
14:41:24.0684,0.9401,0.6456,0.9291
14:41:25.0686,0.9402,0.6446,0.9291
14:41:26.0700,0.9405,0.6437,0.9291
14:41:27.0701,0.9406,0.6427,0.9291
14:41:28.0702,0.9407,0.6418,0.9291
14:41:29.0703,0.9412,0.6409,0.9291
14:41:30.0720,0.9413,0.6400,0.9292
14:41:31.0755,0.9415,0.6407,0.9292
14:41:32.0755,0.9416,0.6414,0.9292
14:41:33.0756,0.9417,0.6421,0.9292
14:41:34.0756,0.9418,0.6428,0.9292
14:41:35.0783,0.9419,0.6435,0.9292
14:41:36.0783,0.9420,0.6443,0.9292
14:41:37.0816,0.9421,0.6450,0.9292
14:41:38.0834,0.9422,0.6456,0.9292
14:41:39.0848,0.9423,0.6437,0.9292
14:41:40.0857,0.9424,0.6419,0.9292
14:41:41.0891,0.9425,0.6400,0.9292
14:41:42.0903,0.9426,0.6381,0.9292
14:41:43.0906,0.9427,0.6362,0.9292
14:41:44.0919,0.9431,0.6344,0.9292
14:41:45.0939,0.9433,0.6326,0.9292
14:41:46.0945,0.9434,0.6352,0.9292
14:41:47.0989,0.9435,0.6359,0.9292
14:41:48.0984,0.9436,0.6366,0.9292
14:41:49.0984,0.9438,0.6373,0.9292
14:41:50.1016,0.9439,0.6381,0.9293
14:41:51.1028,0.9440,0.6390,0.9293
14:41:52.1042,0.9441,0.6374,0.9293
14:41:53.1030,0.9442,0.6359,0.9293
14:41:54.1031,0.9444,0.6343,0.9293
14:41:55.1061,0.9445,0.6329,0.9293
14:41:56.1073,0.9446,0.6314,0.9293
14:41:57.1099,0.9447,0.6299,0.9294
14:41:58.1094,0.9448,0.6285,0.9294
14:41:59.1095,0.9449,0.6270,0.9294
14:42:00.1096,0.9450,0.6254,0.9294
14:42:01.1111,0.9451,0.6237,0.9294
14:42:02.1132,0.9451,0.6220,0.9294
14:42:03.1133,0.9452,0.6204,0.9294
14:42:04.1148,0.9453,0.6191,0.9294
14:42:05.1149,0.9454,0.6178,0.9294
14:42:06.1180,0.9455,0.6165,0.9295
14:42:07.1200,0.9456,0.6153,0.9295
14:42:08.1200,0.9457,0.6140,0.9298
14:42:09.1202,0.9458,0.6128,0.9301
14:42:10.1202,0.9458,0.6116,0.9303
14:42:11.1203,0.9461,0.6105,0.9306
14:42:12.1222,0.9462,0.6093,0.9309
14:42:13.1247,0.9463,0.6082,0.9312
14:42:14.1267,0.9463,0.6070,0.9315
14:42:15.1279,0.9464,0.6059,0.9317
14:42:16.1294,0.9465,0.6048,0.9320
14:42:17.1294,0.9467,0.6038,0.9323
14:42:18.1304,0.9468,0.6027,0.9326
14:42:19.1307,0.9469,0.6016,0.9328
14:42:20.1339,0.9470,0.6025,0.9331
14:42:21.1351,0.9470,0.6034,0.9333
14:42:22.1373,0.9471,0.6043,0.9336
14:42:23.1404,0.9472,0.6051,0.9338
14:42:24.1405,0.9473,0.6060,0.9341
14:42:25.1419,0.9474,0.6068,0.9343
14:42:26.1431,0.9475,0.6077,0.9346
14:42:27.1446,0.9475,0.6085,0.9348
14:42:28.1458,0.9476,0.6094,0.9351
14:42:29.1467,0.9477,0.6102,0.9353
14:42:30.1468,0.9478,0.6111,0.9355
14:42:31.1476,0.9478,0.6119,0.9358
14:42:32.1485,0.9485,0.6127,0.9361
14:42:33.1516,0.9486,0.6136,0.9363
14:42:34.1554,0.9487,0.6124,0.9363
14:42:35.1545,0.9488,0.6113,0.9363
14:42:36.1545,0.9489,0.6102,0.9363
14:42:37.1545,0.9490,0.6091,0.9363
14:42:38.1546,0.9491,0.6080,0.9363
14:42:39.1547,0.9492,0.6070,0.9363
14:42:40.1548,0.9493,0.6059,0.9363
14:42:41.1549,0.9494,0.6049,0.9363
14:42:42.1554,0.9495,0.6039,0.9363
14:42:43.1554,0.9496,0.6029,0.9363
14:42:44.1555,0.9497,0.6019,0.9366
14:42:45.1593,0.9498,0.6009,0.9368
14:42:46.1608,0.9499,0.5996,0.9370
14:42:47.1645,0.9499,0.5982,0.9373
14:42:48.1645,0.9500,0.5969,0.9375
14:42:49.1670,0.9501,0.5956,0.9377
14:42:50.1695,0.9503,0.5944,0.9380
14:42:51.1716,0.9504,0.5948,0.9382
14:42:52.1717,0.9505,0.5953,0.9384
14:42:53.1718,0.9506,0.5957,0.9386
14:42:54.1717,0.9507,0.5962,0.9389
14:42:55.1718,0.9508,0.5966,0.9391
14:42:56.1718,0.9508,0.5971,0.9393
14:42:57.1744,0.9509,0.5975,0.9395
14:42:58.1750,0.9510,0.5980,0.9397
14:42:59.1764,0.9511,0.5984,0.9399
14:43:00.1764,0.9511,0.5989,0.9401
14:43:01.1765,0.9512,0.5993,0.9404
14:43:02.1773,0.9514,0.5997,0.9406
14:43:03.1779,0.9515,0.6001,0.9408
14:43:04.1782,0.9516,0.6002,0.9410
14:43:05.1783,0.9517,0.6003,0.9412
14:43:06.1784,0.9518,0.6075,0.9414
14:43:07.1783,0.9519,0.6079,0.9416
14:43:08.1805,0.9520,0.6082,0.9418
14:43:09.1805,0.9520,0.6086,0.9420
14:43:10.1806,0.9521,0.6090,0.9422
14:43:11.1836,0.9522,0.6094,0.9424
14:43:12.1867,0.9523,0.6098,0.9426
14:43:13.1867,0.9524,0.6106,0.9428
14:43:14.1899,0.9525,0.6114,0.9430
14:43:15.1899,0.9525,0.6121,0.9431
14:43:16.1900,0.9526,0.6129,0.9433
14:43:17.1907,0.9527,0.6119,0.9435
14:43:18.1941,0.9527,0.6109,0.9437
14:43:19.1942,0.9528,0.6099,0.9439
14:43:20.1968,0.9530,0.6090,0.9441
14:43:21.1968,0.9531,0.6080,0.9442
14:43:22.1982,0.9532,0.6090,0.9444
14:43:23.1983,0.9533,0.6097,0.9446
14:43:24.1991,0.9533,0.6105,0.9448
14:43:25.2028,0.9534,0.6112,0.9450
14:43:26.2036,0.9535,0.6119,0.9451
14:43:27.2064,0.9536,0.6127,0.9453
14:43:28.2083,0.9537,0.6134,0.9455
14:43:29.2082,0.9538,0.6142,0.9457
14:43:30.2092,0.9538,0.6149,0.9431
14:43:31.2092,0.9539,0.6156,0.9433
14:43:32.2093,0.9540,0.6163,0.9435
14:43:33.2125,0.9540,0.6171,0.9437
14:43:34.2134,0.9541,0.6178,0.9439
14:43:35.2133,0.9541,0.6185,0.9440
14:43:36.2171,0.9542,0.6192,0.9442
14:43:37.2197,0.9525,0.6199,0.9444
14:43:38.2233,0.9508,0.6206,0.9445
14:43:39.2234,0.9491,0.6213,0.9447
14:43:40.2296,0.9474,0.6220,0.9447
14:43:41.2276,0.9457,0.6227,0.9447
14:43:42.2245,0.9440,0.6234,0.9447
14:43:43.2250,0.9423,0.6241,0.9447
14:43:44.2253,0.9406,0.6248,0.9447
14:43:45.2253,0.9389,0.6255,0.9447
14:43:46.2254,0.9372,0.6262,0.9447
14:43:47.2292,0.9356,0.6269,0.9447
14:43:48.2298,0.9339,0.6275,0.9448
14:43:49.2298,0.9322,0.6282,0.9450
14:43:50.2299,0.9307,0.6289,0.9452
14:43:51.2299,0.9290,0.6296,0.9453
14:43:52.2300,0.9274,0.6302,0.9455
14:43:53.2300,0.9258,0.6309,0.9456
14:43:54.2337,0.9242,0.6316,0.9458
14:43:55.2366,0.9225,0.6322,0.9459
14:43:56.2387,0.9209,0.6329,0.9461
14:43:57.2368,0.9193,0.6335,0.9462
14:43:58.2369,0.9177,0.6342,0.9463
14:43:59.2379,0.9161,0.6349,0.9465
14:44:00.2381,0.9145,0.6355,0.9466
14:44:01.2399,0.9129,0.6359,0.9468
14:44:02.2399,0.9113,0.6363,0.9469
14:44:03.2405,0.9097,0.6366,0.9471
14:44:04.2417,0.9082,0.6369,0.9472
14:44:05.2447,0.9066,0.6372,0.9473
14:44:06.2481,0.9050,0.6376,0.9475
14:44:07.2502,0.9034,0.6379,0.9476
14:44:08.2502,0.9020,0.6382,0.9478
14:44:09.2506,0.9004,0.6385,0.9479
14:44:10.2506,0.8989,0.6389,0.9480
14:44:11.2537,0.8973,0.6392,0.9482
14:44:12.2568,0.8958,0.6395,0.9483
14:44:13.2581,0.8943,0.6398,0.9484
14:44:14.2581,0.8927,0.6401,0.9486
14:44:15.2582,0.8912,0.6404,0.9487
14:44:16.2582,0.8897,0.6408,0.9488
14:44:17.2591,0.8882,0.6411,0.9490
14:44:18.2608,0.8867,0.6414,0.9491
14:44:19.2630,0.8852,0.6417,0.9492
14:44:20.2653,0.8837,0.6420,0.9493
14:44:21.2653,0.8821,0.6423,0.9495
14:44:22.2654,0.8806,0.6426,0.9496
14:44:23.2690,0.8793,0.6432,0.9497
14:44:24.2725,0.8778,0.6438,0.9497
14:44:25.2751,0.8764,0.6444,0.9497
14:44:26.2771,0.8749,0.6450,0.9497
14:44:27.2790,0.8734,0.6456,0.9498
14:44:28.2791,0.8720,0.6462,0.9498
14:44:29.2814,0.8705,0.6468,0.9498
14:44:30.2835,0.8691,0.6474,0.9498
14:44:31.2833,0.8676,0.6480,0.9498
14:44:32.2835,0.8664,0.6485,0.9498
14:44:33.2864,0.8649,0.6491,0.9498
14:44:34.2865,0.8635,0.6497,0.9499
14:44:35.2878,0.8621,0.6503,0.9499
14:44:36.2906,0.8607,0.6509,0.9499
14:44:37.2908,0.8593,0.6514,0.9499
14:44:38.2939,0.8579,0.6520,0.9499
14:44:39.2941,0.8565,0.6526,0.9499
14:44:40.2941,0.8551,0.6532,0.9499
14:44:41.2944,0.8537,0.6537,0.9499
14:44:42.2947,0.8523,0.6543,0.9500
14:44:43.2948,0.8509,0.6548,0.9500
14:44:44.2948,0.8496,0.6554,0.9500
14:44:45.2997,0.8482,0.6560,0.9500
14:44:46.2957,0.8468,0.6565,0.9500
14:44:47.2990,0.8455,0.6571,0.9500
14:44:48.2976,0.8441,0.6576,0.9500
14:44:49.2976,0.8428,0.6582,0.9501
14:44:50.2994,0.8414,0.6587,0.9501
14:44:51.3007,0.8401,0.6593,0.9501
14:44:52.3007,0.8387,0.6598,0.9501
14:44:53.3020,0.8374,0.6585,0.9501
14:44:54.3009,0.8361,0.6571,0.9501
14:44:55.3009,0.8348,0.6558,0.9501
14:44:56.3010,0.8334,0.6545,0.9501
14:44:57.3010,0.8321,0.6532,0.9501
14:44:58.3033,0.8308,0.6519,0.9501
14:44:59.3020,0.8295,0.6522,0.9501
14:45:00.3044,0.8282,0.6511,0.9501
14:45:01.3044,0.8269,0.6501,0.9501
14:45:02.3045,0.8256,0.6490,0.9501
14:45:03.3080,0.8243,0.6481,0.9502
14:45:04.3109,0.8230,0.6471,0.9502
14:45:05.3121,0.8217,0.6497,0.9502
14:45:06.3107,0.8204,0.6487,0.9502
14:45:07.3139,0.8192,0.6477,0.9502
14:45:08.3170,0.8179,0.6468,0.9502
14:45:09.3202,0.8166,0.6476,0.9502
14:45:10.3212,0.8153,0.6482,0.9502
14:45:11.3208,0.8141,0.6488,0.9503
14:45:12.3210,0.8128,0.6493,0.9503
14:45:13.3241,0.8115,0.6499,0.9503
14:45:14.3269,0.8103,0.6504,0.9504
14:45:15.3286,0.8091,0.6510,0.9506
14:45:16.3286,0.8079,0.6515,0.9507
14:45:17.3287,0.8066,0.6520,0.9508
14:45:18.3295,0.8054,0.6526,0.9510
14:45:19.3292,0.8042,0.6531,0.9511
14:45:20.3292,0.8029,0.6537,0.9512
14:45:21.3322,0.8017,0.6542,0.9514
14:45:22.3341,0.8005,0.6547,0.9515
14:45:23.3347,0.7993,0.6553,0.9516
14:45:24.3354,0.7981,0.6558,0.9517
14:45:25.3355,0.7968,0.6565,0.9519
14:45:26.3357,0.7956,0.6571,0.9520
14:45:27.3357,0.7944,0.6576,0.9521
14:45:28.3358,0.7932,0.6582,0.9522
14:45:29.3376,0.7921,0.6587,0.9523
14:45:30.3397,0.7909,0.6592,0.9525
14:45:31.3428,0.7897,0.6598,0.9526
14:45:32.3456,0.7885,0.6603,0.9527
14:45:33.3456,0.7873,0.6608,0.9528
14:45:34.3457,0.7861,0.6614,0.9529
14:45:35.3458,0.7850,0.6619,0.9530
14:45:36.3471,0.7838,0.6624,0.9531
14:45:37.3471,0.7826,0.6629,0.9533
14:45:38.3473,0.7815,0.6635,0.9534
14:45:39.3473,0.7803,0.6640,0.9535
14:45:40.3505,0.7791,0.6645,0.9536
14:45:41.3520,0.7875,0.6647,0.9537
14:45:42.3521,0.7878,0.6647,0.9539
14:45:43.3522,0.7881,0.6647,0.9540
14:45:44.3555,0.7884,0.6647,0.9541
14:45:45.3596,0.7887,0.6647,0.9542
14:45:46.3620,0.7890,0.6647,0.9543
14:45:47.3617,0.7893,0.6647,0.9544
14:45:48.3621,0.7896,0.6650,0.9546
14:45:49.3617,0.7899,0.6653,0.9547
14:45:50.3619,0.7902,0.6656,0.9548
14:45:51.3641,0.7905,0.6658,0.9549
14:45:52.3619,0.7908,0.6661,0.9550
14:45:53.3641,0.7911,0.6664,0.9551
14:45:54.3641,0.7914,0.6667,0.9552
14:45:55.3642,0.7914,0.6669,0.9554
14:45:56.3677,0.7914,0.6672,0.9555
14:45:57.3701,0.7915,0.6675,0.9556
14:45:58.3696,0.7915,0.6677,0.9557
14:45:59.3735,0.7918,0.6680,0.9558
14:46:00.3700,0.7921,0.6683,0.9559
14:46:01.3701,0.7924,0.6685,0.9560
14:46:02.3702,0.7927,0.6688,0.9561
14:46:03.3702,0.7930,0.6691,0.9562
14:46:04.3708,0.7933,0.6693,0.9563
14:46:05.3708,0.7936,0.6698,0.9564
14:46:06.3747,0.7938,0.6703,0.9565
14:46:07.3770,0.7939,0.6708,0.9566
14:46:08.3790,0.7939,0.6713,0.9568
14:46:09.3789,0.7939,0.6718,0.9569
14:46:10.3822,0.7939,0.6723,0.9570
14:46:11.3812,0.7961,0.6728,0.9571
14:46:12.3843,0.7964,0.6733,0.9571
14:46:13.3873,0.7966,0.6738,0.9548
14:46:14.3903,0.7970,0.6743,0.9548
14:46:15.3904,0.7972,0.6747,0.9548
14:46:16.3935,0.7975,0.6752,0.9548
14:46:17.3957,0.7978,0.6757,0.9548
14:46:18.3989,0.7980,0.6748,0.9549
14:46:19.4020,0.7983,0.6739,0.9550
14:46:20.4039,0.7986,0.6730,0.9551
14:46:21.4041,0.7988,0.6721,0.9552
14:46:22.4063,0.7991,0.6726,0.9553
14:46:23.4046,0.7995,0.6728,0.9554
14:46:24.4048,0.7997,0.6731,0.9555
14:46:25.4049,0.8000,0.6733,0.9556
14:46:26.4073,0.8002,0.6735,0.9557
14:46:27.4075,0.8005,0.6737,0.9558
14:46:28.4128,0.8007,0.6740,0.9559
14:46:29.4096,0.8010,0.6742,0.9559
14:46:30.4118,0.8012,0.6744,0.9560
14:46:31.4133,0.8015,0.6746,0.9561
14:46:32.4161,0.8017,0.6748,0.9562
14:46:33.4183,0.8020,0.6751,0.9563
14:46:34.4188,0.8022,0.6753,0.9564
14:46:35.4199,0.8025,0.6755,0.9565
14:46:36.4195,0.8027,0.6757,0.9566
14:46:37.4197,0.8030,0.6759,0.9567
14:46:38.4196,0.8033,0.6761,0.9568
14:46:39.4196,0.8036,0.6764,0.9569
14:46:40.4221,0.8038,0.6766,0.9569
14:46:41.4249,0.8041,0.6768,0.9570
14:46:42.4250,0.8044,0.6770,0.9571
14:46:43.4250,0.8047,0.6772,0.9572
14:46:44.4273,0.8049,0.6774,0.9573
14:46:45.4302,0.8052,0.6776,0.9573
14:46:46.4313,0.8054,0.6779,0.9573
14:46:47.4313,0.8057,0.6781,0.9573
14:46:48.4348,0.8059,0.6783,0.9573
14:46:49.4393,0.8062,0.6785,0.9573
14:46:50.4392,0.8064,0.6787,0.9573
14:46:51.4433,0.8067,0.6789,0.9573
14:46:52.4400,0.8069,0.6791,0.9573
14:46:53.4401,0.8072,0.6793,0.9573
14:46:54.4401,0.8074,0.6797,0.9573
14:46:55.4403,0.8077,0.6801,0.9573
14:46:56.4402,0.8079,0.6805,0.9574
14:46:57.4439,0.8082,0.6809,0.9574
14:46:58.4446,0.8084,0.6814,0.9574
14:46:59.4477,0.8087,0.6818,0.9574
14:47:00.4477,0.8089,0.6822,0.9574
14:47:01.4478,0.8092,0.6825,0.9574
14:47:02.4502,0.8094,0.6829,0.9553
14:47:03.4512,0.8096,0.6833,0.9532
14:47:04.4513,0.8099,0.6843,0.9511
14:47:05.4533,0.8101,0.6847,0.9513
14:47:06.4534,0.8103,0.6842,0.9513
14:47:07.4535,0.8105,0.6836,0.9514
14:47:08.4547,0.8108,0.6830,0.9514
14:47:09.4579,0.8111,0.6824,0.9514
14:47:10.4572,0.8113,0.6819,0.9514
14:47:11.4571,0.8115,0.6813,0.9515
14:47:12.4571,0.8118,0.6807,0.9515
14:47:13.4575,0.8120,0.6801,0.9515
14:47:14.4581,0.8122,0.6795,0.9516
14:47:15.4575,0.8125,0.6789,0.9517
14:47:16.4575,0.8127,0.6783,0.9518
14:47:17.4597,0.8129,0.6777,0.9519
14:47:18.4607,0.8132,0.6771,0.9520
14:47:19.4617,0.8134,0.6765,0.9521
14:47:20.4639,0.8137,0.6759,0.9522
14:47:21.4651,0.8139,0.6753,0.9523
14:47:22.4652,0.8141,0.6747,0.9524
14:47:23.4684,0.8143,0.6741,0.9525
14:47:24.4715,0.8146,0.6738,0.9526
14:47:25.4769,0.8148,0.6732,0.9527
14:47:26.4749,0.8150,0.6726,0.9528
14:47:27.4783,0.8153,0.6720,0.9529
14:47:28.4795,0.8155,0.6715,0.9531
14:47:29.4819,0.8157,0.6711,0.9532
14:47:30.4820,0.8159,0.6706,0.9532
14:47:31.4820,0.8162,0.6700,0.9533
14:47:32.4891,0.8164,0.6695,0.9534
14:47:33.4866,0.8166,0.6690,0.9535
14:47:34.4889,0.8168,0.6685,0.9536
14:47:35.4894,0.8171,0.6671,0.9537
14:47:36.4893,0.8173,0.6657,0.9537
14:47:37.4897,0.8175,0.6643,0.9538
14:47:38.4914,0.8177,0.6629,0.9539
14:47:39.4912,0.8179,0.6615,0.9540
14:47:40.4918,0.8182,0.6601,0.9541
14:47:41.4951,0.8184,0.6587,0.9541
14:47:42.4952,0.8186,0.6574,0.9542
14:47:43.4983,0.8188,0.6560,0.9543
14:47:44.4984,0.8190,0.6547,0.9544
14:47:45.4984,0.8192,0.6533,0.9544
14:47:46.4986,0.8195,0.6520,0.9545
14:47:47.4987,0.8197,0.6507,0.9546
14:47:48.4988,0.8199,0.6494,0.9547
14:47:49.5005,0.8199,0.6481,0.9547
14:47:50.5006,0.8189,0.6468,0.9548
14:47:51.5012,0.8180,0.6463,0.9549
14:47:52.5021,0.8170,0.6468,0.9549
14:47:53.5021,0.8172,0.6472,0.9550
14:47:54.5038,0.8174,0.6477,0.9551
14:47:55.5038,0.8176,0.6481,0.9552
14:47:56.5063,0.8168,0.6485,0.9552
14:47:57.5081,0.8160,0.6478,0.9553
14:47:58.5073,0.8152,0.6471,0.9554
14:47:59.5090,0.8144,0.6464,0.9554
14:48:00.5090,0.8136,0.6457,0.9555
14:48:01.5092,0.8126,0.6450,0.9556
14:48:02.5092,0.8129,0.6443,0.9537
14:48:03.5114,0.8142,0.6436,0.9518
14:48:04.5156,0.8144,0.6430,0.9499
14:48:05.5168,0.8146,0.6423,0.9480
14:48:06.5168,0.8148,0.6416,0.9462
14:48:07.5169,0.8150,0.6410,0.9444
14:48:08.5191,0.8152,0.6403,0.9445
14:48:09.5223,0.8155,0.6395,0.9446
14:48:10.5232,0.8157,0.6386,0.9447
14:48:11.5262,0.8159,0.6377,0.9448
14:48:12.5262,0.8161,0.6369,0.9449
14:48:13.5262,0.8163,0.6360,0.9450
14:48:14.5272,0.8165,0.6351,0.9451
14:48:15.5306,0.8167,0.6344,0.9452
14:48:16.5337,0.8170,0.6338,0.9453
14:48:17.5337,0.8172,0.6331,0.9455
14:48:18.5345,0.8174,0.6324,0.9456
14:48:19.5344,0.8176,0.6318,0.9457
14:48:20.5344,0.8178,0.6311,0.9458
14:48:21.5344,0.8180,0.6305,0.9458
14:48:22.5361,0.8181,0.6298,0.9459
14:48:23.5392,0.8184,0.6292,0.9460
14:48:24.5433,0.8186,0.6283,0.9461
14:48:25.5433,0.8187,0.6275,0.9462
14:48:26.5462,0.8190,0.6266,0.9463
14:48:27.5502,0.8192,0.6258,0.9464
14:48:28.5479,0.8194,0.6249,0.9464
14:48:29.5482,0.8196,0.6241,0.9465
14:48:30.5481,0.8198,0.6233,0.9466
14:48:31.5480,0.8200,0.6224,0.9467
14:48:32.5481,0.8203,0.6216,0.9468
14:48:33.5482,0.8205,0.6207,0.9469
14:48:34.5510,0.8207,0.6199,0.9469
14:48:35.5487,0.8209,0.6191,0.9470
14:48:36.5515,0.8211,0.6183,0.9471
14:48:37.5518,0.8213,0.6174,0.9472
14:48:38.5522,0.8215,0.6166,0.9473
14:48:39.5527,0.8217,0.6168,0.9473
14:48:40.5539,0.8219,0.6170,0.9474
14:48:41.5571,0.8221,0.6172,0.9475
14:48:42.5590,0.8223,0.6174,0.9476
14:48:43.5591,0.8225,0.6175,0.9477
14:48:44.5591,0.8226,0.6177,0.9477
14:48:45.5592,0.8228,0.6168,0.9477
14:48:46.5594,0.8230,0.6159,0.9477
14:48:47.5609,0.8232,0.6150,0.9477
14:48:48.5630,0.8224,0.6141,0.9477
14:48:49.5655,0.8216,0.6133,0.9477
14:48:50.5684,0.8209,0.6134,0.9477
14:48:51.5686,0.8201,0.6136,0.9477
14:48:52.5686,0.8193,0.6137,0.9477
14:48:53.5709,0.8185,0.6139,0.9477
14:48:54.5709,0.8189,0.6140,0.9477
14:48:55.5748,0.8191,0.6142,0.9477
14:48:56.5764,0.8194,0.6143,0.9477
14:48:57.5795,0.8186,0.6145,0.9477
14:48:58.5823,0.8178,0.6146,0.9477
14:48:59.5854,0.8181,0.6148,0.9477
14:49:00.5855,0.8182,0.6149,0.9477
14:49:01.5855,0.8184,0.6151,0.9477
14:49:02.5857,0.8186,0.6152,0.9477
14:49:03.5855,0.8188,0.6154,0.9477
14:49:04.5857,0.8190,0.6155,0.9477
14:49:05.5880,0.8192,0.6157,0.9477
14:49:06.5907,0.8193,0.6150,0.9477
14:49:07.5909,0.8186,0.6144,0.9477
14:49:08.5934,0.8179,0.6138,0.9477
14:49:09.5934,0.8172,0.6132,0.9477
14:49:10.5956,0.8164,0.6126,0.9477
14:49:11.5955,0.8156,0.6119,0.9477
14:49:12.5968,0.8149,0.6113,0.9477
14:49:13.5968,0.8141,0.6107,0.9477
14:49:14.5991,0.8134,0.6101,0.9477
14:49:15.6019,0.8126,0.6095,0.9477
14:49:16.6035,0.8118,0.6089,0.9477
14:49:17.6036,0.8111,0.6083,0.9477
14:49:18.6036,0.8103,0.6079,0.9478
14:49:19.6056,0.8096,0.6075,0.9478
14:49:20.6067,0.8089,0.6072,0.9478
14:49:21.6106,0.8081,0.6068,0.9478
14:49:22.6122,0.8074,0.6064,0.9478
14:49:23.6145,0.8067,0.6061,0.9478
14:49:24.6151,0.8059,0.6057,0.9479
14:49:25.6143,0.8052,0.6053,0.9479
14:49:26.6171,0.8044,0.6050,0.9479
14:49:27.6198,0.8037,0.6069,0.9479
14:49:28.6198,0.8029,0.6073,0.9479
14:49:29.6199,0.8022,0.6077,0.9480
14:49:30.6199,0.8014,0.6081,0.9480
14:49:31.6200,0.8007,0.6085,0.9480
14:49:32.6201,0.8000,0.6089,0.9480
14:49:33.6241,0.7993,0.6093,0.9480
14:49:34.6204,0.7986,0.6096,0.9480
14:49:35.6211,0.7979,0.6099,0.9480
14:49:36.6211,0.7971,0.6105,0.9480
14:49:37.6216,0.7964,0.6109,0.9480
14:49:38.6255,0.7957,0.6112,0.9480
14:49:39.6292,0.7950,0.6115,0.9480
14:49:40.6287,0.7942,0.6122,0.9480
14:49:41.6281,0.7935,0.6126,0.9480
14:49:42.6289,0.7928,0.6130,0.9480
14:49:43.6282,0.7921,0.6138,0.9480
14:49:44.6283,0.7914,0.6142,0.9481
14:49:45.6290,0.7907,0.6147,0.9481
14:49:46.6305,0.7900,0.6151,0.9482
14:49:47.6334,0.7892,0.6155,0.9483
14:49:48.6355,0.7877,0.6159,0.9484
14:49:49.6371,0.7861,0.6164,0.9485
14:49:50.6372,0.7845,0.6168,0.9485
14:49:51.6372,0.7830,0.6172,0.9486
14:49:52.6391,0.7814,0.6176,0.9487
14:49:53.6390,0.7798,0.6180,0.9488
14:49:54.6392,0.7783,0.6184,0.9489
14:49:55.6392,0.7767,0.6188,0.9490
14:49:56.6427,0.7752,0.6192,0.9490
14:49:57.6455,0.7737,0.6196,0.9491
14:49:58.6454,0.7721,0.6200,0.9492
14:49:59.6455,0.7706,0.6204,0.9493
14:50:00.6463,0.7702,0.6198,0.9494
14:50:01.6482,0.7696,0.6192,0.9495
14:50:02.6482,0.7689,0.6186,0.9496
14:50:03.6484,0.7682,0.6180,0.9497
14:50:04.6485,0.7675,0.6175,0.9497
14:50:05.6513,0.7668,0.6169,0.9498
14:50:06.6518,0.7662,0.6176,0.9499
14:50:07.6533,0.7655,0.6179,0.9500
14:50:08.6557,0.7648,0.6182,0.9501
14:50:09.6558,0.7642,0.6183,0.9502
14:50:10.6597,0.7635,0.6185,0.9503
14:50:11.6617,0.7628,0.6187,0.9504
14:50:12.6656,0.7622,0.6189,0.9505
14:50:13.6682,0.7615,0.6191,0.9506
14:50:14.6715,0.7609,0.6193,0.9506
14:50:15.6719,0.7602,0.6195,0.9507
14:50:16.6763,0.7596,0.6197,0.9508
14:50:17.6763,0.7589,0.6201,0.9509
14:50:18.6764,0.7583,0.6205,0.9509
14:50:19.6793,0.7576,0.6209,0.9510
14:50:20.6805,0.7570,0.6214,0.9511
14:50:21.6802,0.7563,0.6218,0.9511
14:50:22.6848,0.7557,0.6222,0.9512
14:50:23.6884,0.7550,0.6225,0.9513
14:50:24.6900,0.7543,0.6229,0.9513
14:50:25.6901,0.7537,0.6233,0.9514
14:50:26.6966,0.7530,0.6237,0.9515
14:50:27.6923,0.7524,0.6241,0.9515
14:50:28.6946,0.7517,0.6245,0.9516
14:50:29.6927,0.7510,0.6249,0.9517
14:50:30.6933,0.7505,0.6253,0.9517
14:50:31.6952,0.7498,0.6257,0.9518
14:50:32.6978,0.7492,0.6261,0.9519
14:50:33.7040,0.7485,0.6265,0.9519
14:50:34.7000,0.7479,0.6269,0.9520
14:50:35.7009,0.7472,0.6273,0.9521
14:50:36.7032,0.7466,0.6276,0.9521
14:50:37.7040,0.7458,0.6271,0.9522
14:50:38.7051,0.7451,0.6256,0.9523
14:50:39.7051,0.7443,0.6242,0.9523
14:50:40.7052,0.7469,0.6228,0.9524
14:50:41.7067,0.7472,0.6222,0.9525
14:50:42.7087,0.7474,0.6215,0.9525
14:50:43.7109,0.7476,0.6217,0.9526
14:50:44.7109,0.7479,0.6218,0.9527
14:50:45.7140,0.7481,0.6220,0.9527
14:50:46.7134,0.7483,0.6222,0.9528
14:50:47.7161,0.7486,0.6224,0.9529
14:50:48.7166,0.7489,0.6225,0.9529
14:50:49.7189,0.7491,0.6227,0.9530
14:50:50.7189,0.7494,0.6229,0.9530
14:50:51.7221,0.7495,0.6230,0.9531
14:50:52.7230,0.7496,0.6232,0.9532
14:50:53.7231,0.7505,0.6234,0.9532
14:50:54.7249,0.7507,0.6235,0.9533
14:50:55.7257,0.7509,0.6237,0.9534
14:50:56.7274,0.7511,0.6239,0.9534
14:50:57.7277,0.7513,0.6240,0.9535
14:50:58.7277,0.7516,0.6233,0.9535
14:50:59.7278,0.7518,0.6235,0.9536
14:51:00.7327,0.7521,0.6236,0.9536
14:51:01.7299,0.7523,0.6238,0.9536
14:51:02.7298,0.7525,0.6240,0.9536
14:51:03.7887,0.7527,0.6241,0.9536
14:51:04.7341,0.7529,0.6243,0.9536
14:51:05.7341,0.7531,0.6245,0.9536
14:51:06.7342,0.7534,0.6246,0.9536
14:51:07.7341,0.7536,0.6248,0.9536
14:51:08.7377,0.7538,0.6249,0.9536
14:51:09.7400,0.7541,0.6251,0.9536
14:51:10.7468,0.7543,0.6253,0.9536
14:51:11.7461,0.7545,0.6254,0.9536
14:51:12.7470,0.7547,0.6256,0.9536
14:51:13.7474,0.7549,0.6258,0.9536
14:51:14.7477,0.7552,0.6259,0.9536
14:51:15.7477,0.7553,0.6261,0.9537
14:51:16.7493,0.7555,0.6262,0.9537
14:51:17.7524,0.7558,0.6264,0.9538
14:51:18.7530,0.7560,0.6266,0.9538
14:51:19.7602,0.7562,0.6267,0.9539
14:51:20.7581,0.7564,0.6269,0.9539
14:51:21.7584,0.7566,0.6270,0.9523
14:51:22.7610,0.7568,0.6272,0.9508
14:51:23.7628,0.7570,0.6274,0.9492
14:51:24.7640,0.7573,0.6275,0.9477
14:51:25.7647,0.7575,0.6277,0.9461
14:51:26.7664,0.7578,0.6278,0.9461
14:51:27.7676,0.7580,0.6280,0.9461
14:51:28.7719,0.7582,0.6281,0.9462
14:51:29.7710,0.7584,0.6283,0.9462
14:51:30.7686,0.7586,0.6285,0.9462
14:51:31.7675,0.7588,0.6286,0.9462
14:51:32.7675,0.7590,0.6288,0.9462
14:51:33.7676,0.7592,0.6289,0.9462
14:51:34.7677,0.7594,0.6291,0.9462
14:51:35.7678,0.7596,0.6292,0.9463
14:51:36.7698,0.7599,0.6287,0.9463
14:51:37.7699,0.7601,0.6284,0.9463
14:51:38.7699,0.7603,0.6282,0.9463
14:51:39.7742,0.7605,0.6279,0.9463
14:51:40.7747,0.7607,0.6276,0.9463
14:51:41.7749,0.7609,0.6272,0.9464
14:51:42.7750,0.7611,0.6268,0.9464
14:51:43.7760,0.7605,0.6265,0.9464
14:51:44.7774,0.7600,0.6261,0.9464
14:51:45.7788,0.7587,0.6257,0.9464
14:51:46.7808,0.7574,0.6253,0.9464
14:51:47.7827,0.7578,0.6250,0.9464
14:51:48.7837,0.7581,0.6252,0.9465
14:51:49.7837,0.7583,0.6249,0.9465
14:51:50.7838,0.7585,0.6252,0.9465
14:51:51.7865,0.7587,0.6255,0.9465
14:51:52.7877,0.7589,0.6258,0.9465
14:51:53.7877,0.7591,0.6261,0.9465
14:51:54.7880,0.7593,0.6265,0.9466
14:51:55.7923,0.7595,0.6268,0.9466
14:51:56.7909,0.7597,0.6271,0.9466
14:51:57.7943,0.7598,0.6274,0.9466
14:51:58.7943,0.7599,0.6277,0.9466
14:51:59.7953,0.7603,0.6280,0.9466
14:52:00.7954,0.7605,0.6288,0.9466
14:52:01.7965,0.7606,0.6291,0.9467
14:52:02.7966,0.7609,0.6294,0.9467
14:52:03.7976,0.7611,0.6298,0.9467
14:52:04.7976,0.7612,0.6301,0.9467
14:52:05.8008,0.7614,0.6304,0.9467
14:52:06.8036,0.7617,0.6307,0.9467
14:52:07.8036,0.7619,0.6310,0.9467
14:52:08.8048,0.7621,0.6314,0.9468
14:52:09.8049,0.7623,0.6317,0.9469
14:52:10.8083,0.7624,0.6320,0.9470
14:52:11.8106,0.7627,0.6323,0.9471
14:52:12.8106,0.7629,0.6320,0.9472
14:52:13.8107,0.7631,0.6316,0.9472
14:52:14.8119,0.7627,0.6312,0.9473
14:52:15.8154,0.7621,0.6308,0.9474
14:52:16.8160,0.7616,0.6304,0.9475
14:52:17.8168,0.7611,0.6304,0.9476
14:52:18.8165,0.7606,0.6301,0.9477
14:52:19.8173,0.7600,0.6298,0.9477
14:52:20.8171,0.7603,0.6296,0.9478
14:52:21.8183,0.7605,0.6292,0.9479
14:52:22.8186,0.7607,0.6289,0.9480
14:52:23.8190,0.7609,0.6286,0.9481
14:52:24.8225,0.7611,0.6283,0.9482
14:52:25.8236,0.7613,0.6279,0.9482
14:52:26.8264,0.7615,0.6275,0.9483
14:52:27.8309,0.7617,0.6271,0.9484
14:52:28.8268,0.7619,0.6283,0.9485
14:52:29.8293,0.7620,0.6285,0.9486
14:52:30.8294,0.7623,0.6288,0.9486
14:52:31.8316,0.7625,0.6294,0.9487
14:52:32.8331,0.7627,0.6297,0.9488
14:52:33.8347,0.7629,0.6300,0.9489
14:52:34.8347,0.7631,0.6303,0.9490
14:52:35.8348,0.7633,0.6306,0.9490
14:52:36.8368,0.7634,0.6313,0.9491
14:52:37.8384,0.7636,0.6316,0.9492
14:52:38.8408,0.7639,0.6320,0.9492
14:52:39.8434,0.7641,0.6323,0.9493
14:52:40.8434,0.7643,0.6326,0.9494
14:52:41.8461,0.7645,0.6329,0.9494
14:52:42.8480,0.7647,0.6323,0.9495
14:52:43.8512,0.7649,0.6317,0.9496
14:52:44.8517,0.7651,0.6312,0.9496
14:52:45.8519,0.7653,0.6315,0.9497
14:52:46.8554,0.7655,0.6320,0.9498
14:52:47.8519,0.7657,0.6323,0.9498
14:52:48.8526,0.7659,0.6326,0.9499
14:52:49.8526,0.7660,0.6328,0.9499
14:52:50.8530,0.7662,0.6331,0.9500
14:52:51.8553,0.7664,0.6334,0.9501
14:52:52.8544,0.7666,0.6336,0.9501
14:52:53.8561,0.7668,0.6341,0.9502
14:52:54.8567,0.7670,0.6348,0.9502
14:52:55.8594,0.7672,0.6351,0.9503
14:52:56.8595,0.7674,0.6354,0.9504
14:52:57.8637,0.7676,0.6357,0.9504
14:52:58.8613,0.7677,0.6360,0.9505
14:52:59.8613,0.7679,0.6366,0.9506
14:53:00.8614,0.7681,0.6369,0.9506
14:53:01.8614,0.7683,0.6372,0.9508
14:53:02.8654,0.7684,0.6375,0.9509
14:53:03.8624,0.7685,0.6378,0.9509
14:53:04.8628,0.7686,0.6381,0.9510
14:53:05.8649,0.7690,0.6384,0.9511
14:53:06.8675,0.7692,0.6387,0.9511
14:53:07.8675,0.7694,0.6389,0.9512
14:53:08.8685,0.7696,0.6392,0.9513
14:53:09.8686,0.7698,0.6395,0.9514
14:53:10.8683,0.7700,0.6400,0.9514
14:53:11.8712,0.7702,0.6403,0.9515
14:53:12.8713,0.7703,0.6406,0.9516
14:53:13.8737,0.7705,0.6409,0.9516
14:53:14.8766,0.7708,0.6412,0.9517
14:53:15.8782,0.7710,0.6414,0.9518
14:53:16.8830,0.7711,0.6417,0.9519
14:53:17.8817,0.7713,0.6418,0.9519
14:53:18.8853,0.7715,0.6422,0.9520
14:53:19.8851,0.7709,0.6424,0.9521
14:53:20.8850,0.7703,0.6425,0.9521
14:53:21.8956,0.7697,0.6427,0.9522
14:53:22.8950,0.7691,0.6428,0.9523
14:53:23.8964,0.7693,0.6430,0.9523
14:53:24.8964,0.7696,0.6433,0.9524
14:53:25.8965,0.7697,0.6435,0.9525
14:53:26.8965,0.7699,0.6438,0.9525
14:53:27.8972,0.7701,0.6440,0.9526
14:53:28.8994,0.7702,0.6443,0.9527
14:53:29.8995,0.7705,0.6445,0.9528
14:53:30.9019,0.7706,0.6441,0.9528
14:53:31.9021,0.7707,0.6440,0.9529
14:53:32.9051,0.7708,0.6437,0.9529
14:53:33.9075,0.7709,0.6434,0.9530
14:53:34.9099,0.7710,0.6431,0.9530
14:53:35.9114,0.7718,0.6434,0.9531
14:53:36.9121,0.7720,0.6436,0.9531
14:53:37.9119,0.7721,0.6439,0.9532
14:53:38.9125,0.7724,0.6442,0.9533
14:53:39.9156,0.7725,0.6445,0.9533
14:53:40.9179,0.7727,0.6447,0.9534
14:53:41.9175,0.7729,0.6450,0.9534
14:53:42.9190,0.7730,0.6453,0.9534
14:53:43.9220,0.7732,0.6455,0.9534
14:53:44.9225,0.7734,0.6458,0.9534
14:53:45.9266,0.7736,0.6461,0.9534
14:53:46.9280,0.7737,0.6464,0.9534
14:53:47.9311,0.7739,0.6467,0.9534
14:53:48.9312,0.7742,0.6470,0.9534
14:53:49.9313,0.7744,0.6473,0.9534
14:53:50.9331,0.7746,0.6476,0.9534
14:53:51.9332,0.7747,0.6479,0.9534
14:53:52.9332,0.7749,0.6482,0.9534
14:53:53.9364,0.7751,0.6483,0.9534
14:53:54.9384,0.7752,0.6476,0.9534
14:53:55.9385,0.7754,0.6469,0.9534
14:53:56.9426,0.7756,0.6454,0.9534
14:53:57.9458,0.7751,0.6441,0.9535
14:53:58.9496,0.7746,0.6428,0.9535
14:53:59.9467,0.7748,0.6415,0.9535
14:54:00.9464,0.7749,0.6402,0.9535
14:54:01.9480,0.7751,0.6400,0.9535
14:54:02.9508,0.7753,0.6395,0.9535
14:54:03.9586,0.7755,0.6390,0.9535
14:54:04.9555,0.7756,0.6385,0.9535
14:54:05.9565,0.7758,0.6380,0.9535
14:54:06.9566,0.7760,0.6375,0.9535
14:54:07.9597,0.7761,0.6371,0.9535
14:54:08.9616,0.7756,0.6366,0.9535
14:54:09.9679,0.7751,0.6361,0.9535
14:54:10.9668,0.7746,0.6356,0.9535
14:54:11.9667,0.7748,0.6353,0.9535
14:54:12.9669,0.7750,0.6348,0.9535
14:54:13.9675,0.7751,0.6343,0.9535
14:54:14.9675,0.7752,0.6339,0.9536
14:54:15.9716,0.7753,0.6334,0.9537
14:54:16.9677,0.7754,0.6330,0.9537
14:54:17.9693,0.7758,0.6333,0.9538
14:54:18.9693,0.7760,0.6336,0.9539
14:54:19.9719,0.7762,0.6339,0.9526
14:54:20.9729,0.7764,0.6342,0.9513
14:54:21.9736,0.7765,0.6345,0.9500
14:54:22.9736,0.7767,0.6348,0.9487
14:54:23.9737,0.7768,0.6351,0.9475
14:54:24.9740,0.7770,0.6354,0.9462
14:54:25.9758,0.7772,0.6357,0.9449
14:54:26.9778,0.7774,0.6360,0.9437
14:54:27.9810,0.7775,0.6363,0.9424
14:54:28.9814,0.7777,0.6366,0.9411
14:54:29.9815,0.7779,0.6369,0.9399
14:54:30.9815,0.7780,0.6373,0.9386
14:54:31.9825,0.7783,0.6376,0.9374
14:54:32.9840,0.7778,0.6379,0.9361
14:54:33.9848,0.7773,0.6382,0.9349
14:54:34.9879,0.7768,0.6385,0.9336
14:54:35.9885,0.7763,0.6388,0.9324
14:54:36.9888,0.7758,0.6391,0.9311
14:54:37.9906,0.7753,0.6394,0.9299
14:54:38.9908,0.7756,0.6397,0.9287
14:54:39.9908,0.7757,0.6400,0.9275
14:54:40.9924,0.7759,0.6403,0.9262
14:54:41.9925,0.7760,0.6406,0.9250
14:54:42.9928,0.7763,0.6409,0.9239
14:54:43.9941,0.7765,0.6412,0.9227
14:54:44.9961,0.7766,0.6415,0.9215
14:54:45.9980,0.7768,0.6418,0.9204
14:54:46.9982,0.7770,0.6421,0.9192
14:54:48.0013,0.7771,0.6424,0.9181
14:54:49.0029,0.7773,0.6426,0.9182
14:54:50.0014,0.7774,0.6429,0.9183
14:54:51.0017,0.7776,0.6431,0.9184
14:54:52.0016,0.7778,0.6434,0.9185
14:54:53.0019,0.7780,0.6436,0.9186
14:54:54.0020,0.7781,0.6438,0.9188
14:54:55.0019,0.7783,0.6444,0.9189
14:54:56.0020,0.7785,0.6447,0.9190
14:54:57.0021,0.7786,0.6450,0.9191
14:54:58.0048,0.7788,0.6453,0.9192
14:54:59.0024,0.7789,0.6456,0.9193
14:55:00.0059,0.7791,0.6459,0.9194
14:55:01.0067,0.7793,0.6462,0.9195
14:55:02.0068,0.7794,0.6465,0.9196
14:55:03.0070,0.7796,0.6468,0.9197
14:55:04.0109,0.7797,0.6471,0.9198
14:55:05.0110,0.7799,0.6474,0.9199
14:55:06.0146,0.7801,0.6476,0.9200
14:55:07.0146,0.7802,0.6479,0.9201
14:55:08.0150,0.7804,0.6482,0.9202
14:55:09.0154,0.7806,0.6485,0.9203
14:55:10.0164,0.7807,0.6487,0.9204
14:55:11.0172,0.7809,0.6490,0.9205
14:55:12.0175,0.7810,0.6493,0.9206
14:55:13.0175,0.7812,0.6495,0.9207
14:55:14.0176,0.7813,0.6498,0.9208
14:55:15.0198,0.7815,0.6500,0.9208
14:55:16.0271,0.7816,0.6502,0.9209
14:55:17.0218,0.7818,0.6504,0.9210
14:55:18.0218,0.7819,0.6505,0.9211
14:55:19.0227,0.7821,0.6507,0.9212
14:55:20.0232,0.7823,0.6509,0.9213
14:55:21.0255,0.7825,0.6511,0.9214
14:55:22.0257,0.7826,0.6514,0.9215
14:55:23.0272,0.7828,0.6516,0.9216
14:55:24.0279,0.7829,0.6518,0.9217
14:55:25.0269,0.7831,0.6520,0.9218
14:55:26.0272,0.7833,0.6523,0.9219
14:55:27.0275,0.7834,0.6525,0.9220
14:55:28.0291,0.7836,0.6527,0.9221
14:55:29.0325,0.7837,0.6529,0.9222
14:55:30.0332,0.7839,0.6532,0.9223
14:55:31.0349,0.7841,0.6534,0.9224
14:55:32.0350,0.7842,0.6536,0.9225
14:55:33.0381,0.7844,0.6539,0.9226
14:55:34.0438,0.7845,0.6534,0.9227
14:55:35.0417,0.7846,0.6536,0.9228
14:55:36.0440,0.7848,0.6538,0.9229
14:55:37.0440,0.7849,0.6535,0.9230
14:55:38.0470,0.7850,0.6526,0.9231
14:55:39.0500,0.7851,0.6518,0.9232
14:55:40.0535,0.7852,0.6509,0.9233
14:55:41.0567,0.7853,0.6501,0.9233
14:55:42.0585,0.7857,0.6492,0.9234
14:55:43.0585,0.7859,0.6484,0.9235
14:55:44.0588,0.7860,0.6476,0.9236
14:55:45.0606,0.7862,0.6468,0.9237
14:55:46.0593,0.7863,0.6460,0.9237
14:55:47.0642,0.7864,0.6451,0.9237
14:55:48.0625,0.7866,0.6443,0.9238
14:55:49.0608,0.7867,0.6434,0.9238
14:55:50.0640,0.7869,0.6426,0.9238
14:55:51.0663,0.7870,0.6417,0.9238
14:55:52.0696,0.7872,0.6409,0.9238
14:55:53.0677,0.7873,0.6400,0.9238
14:55:54.0673,0.7874,0.6397,0.9238
14:55:55.0675,0.7877,0.6397,0.9238
14:55:56.0676,0.7878,0.6399,0.9238
14:55:57.0680,0.7880,0.6401,0.9238
14:55:58.0679,0.7882,0.6404,0.9238
14:55:59.0680,0.7883,0.6406,0.9238
14:56:00.0690,0.7885,0.6401,0.9239
14:56:01.0708,0.7886,0.6397,0.9239
14:56:02.0729,0.7887,0.6392,0.9239
14:56:03.0730,0.7889,0.6387,0.9239
14:56:04.0730,0.7890,0.6383,0.9239
14:56:05.0730,0.7892,0.6378,0.9239
14:56:06.0748,0.7893,0.6373,0.9239
14:56:07.0767,0.7895,0.6388,0.9239
14:56:08.0768,0.7896,0.6390,0.9239
14:56:09.0768,0.7898,0.6393,0.9239
14:56:10.0769,0.7899,0.6396,0.9239
14:56:11.0769,0.7900,0.6398,0.9239
14:56:12.0770,0.7902,0.6401,0.9239
14:56:13.0770,0.7903,0.6403,0.9240
14:56:14.0778,0.7905,0.6399,0.9240
14:56:15.0810,0.7907,0.6395,0.9240
14:56:16.0815,0.7908,0.6390,0.9240
14:56:17.0815,0.7909,0.6392,0.9240
14:56:18.0881,0.7911,0.6396,0.9240
14:56:19.0851,0.7912,0.6398,0.9240
14:56:20.0851,0.7913,0.6395,0.9240
14:56:21.0851,0.7915,0.6397,0.9240
14:56:22.0868,0.7916,0.6400,0.9240
14:56:23.0870,0.7917,0.6402,0.9240
14:56:24.0897,0.7919,0.6405,0.9240
14:56:25.0895,0.7920,0.6408,0.9241
14:56:26.0924,0.7922,0.6410,0.9242
14:56:27.0935,0.7923,0.6413,0.9243
14:56:28.0927,0.7924,0.6415,0.9244
14:56:29.0930,0.7926,0.6418,0.9245
14:56:30.0965,0.7927,0.6421,0.9246
14:56:31.0933,0.7929,0.6423,0.9247
14:56:32.0949,0.7930,0.6426,0.9248
14:56:33.0950,0.7932,0.6429,0.9249
14:56:34.0951,0.7933,0.6432,0.9250
14:56:35.0952,0.7935,0.6435,0.9251
14:56:36.0973,0.7936,0.6437,0.9251
14:56:37.1007,0.7937,0.6440,0.9252
14:56:38.1022,0.7933,0.6443,0.9253
14:56:39.1023,0.7929,0.6445,0.9254
14:56:40.1053,0.7924,0.6448,0.9255
14:56:41.1091,0.7919,0.6450,0.9256
14:56:42.1091,0.7921,0.6453,0.9257
14:56:43.1094,0.7923,0.6451,0.9258
14:56:44.1098,0.7924,0.6441,0.9259
14:56:45.1111,0.7926,0.6432,0.9259
14:56:46.1183,0.7927,0.6423,0.9260
14:56:47.1150,0.7929,0.6414,0.9261
14:56:48.1150,0.7930,0.6405,0.9262
14:56:49.1157,0.7931,0.6395,0.9263
14:56:50.1189,0.7933,0.6384,0.9264
14:56:51.1228,0.7934,0.6374,0.9265
14:56:52.1231,0.7936,0.6364,0.9266
14:56:53.1231,0.7937,0.6360,0.9266
14:56:54.1232,0.7938,0.6356,0.9267
14:56:55.1233,0.7940,0.6352,0.9268
14:56:56.1233,0.7941,0.6350,0.9269
14:56:57.1233,0.7943,0.6347,0.9270
14:56:58.1234,0.7944,0.6345,0.9271
14:56:59.1235,0.7945,0.6343,0.9272
14:57:00.1291,0.7947,0.6341,0.9273
14:57:01.1284,0.7948,0.6338,0.9273
14:57:02.1348,0.7950,0.6336,0.9274
14:57:03.1306,0.7950,0.6334,0.9275
14:57:04.1340,0.7951,0.6325,0.9276
14:57:05.1417,0.7952,0.6321,0.9277
14:57:06.1414,0.7955,0.6324,0.9278
14:57:07.1453,0.7956,0.6326,0.9278
14:57:08.1450,0.7958,0.6329,0.9279
14:57:09.1453,0.7959,0.6332,0.9280
14:57:10.1458,0.7960,0.6334,0.9281
14:57:11.1454,0.7962,0.6336,0.9282
14:57:12.1464,0.7963,0.6337,0.9283
14:57:13.1492,0.7965,0.6338,0.9283
14:57:14.1493,0.7966,0.6339,0.9284
14:57:15.1493,0.7967,0.6340,0.9285
14:57:16.1494,0.7969,0.6342,0.9286
14:57:17.1529,0.7970,0.6343,0.9286
14:57:18.1524,0.7972,0.6344,0.9287
14:57:19.1537,0.7973,0.6345,0.9288
14:57:20.1558,0.7974,0.6346,0.9289
14:57:21.1566,0.7975,0.6348,0.9290
14:57:22.1570,0.7977,0.6349,0.9290
14:57:23.1584,0.7978,0.6350,0.9291
14:57:24.1592,0.7979,0.6351,0.9292
14:57:25.1617,0.7980,0.6352,0.9293
14:57:26.1630,0.7982,0.6347,0.9294
14:57:27.1631,0.7984,0.6342,0.9294
14:57:28.1646,0.7985,0.6337,0.9295
14:57:29.1632,0.7986,0.6331,0.9296
14:57:30.1682,0.7988,0.6326,0.9297
14:57:31.1649,0.7989,0.6321,0.9298
14:57:32.1655,0.7990,0.6316,0.9298
14:57:33.1657,0.7991,0.6310,0.9299
14:57:34.1662,0.7991,0.6305,0.9300
14:57:35.1701,0.7992,0.6300,0.9301
14:57:36.1708,0.7993,0.6295,0.9302
14:57:37.1709,0.7995,0.6289,0.9302
14:57:38.1709,0.7996,0.6284,0.9303
14:57:39.1714,0.7998,0.6278,0.9304
14:57:40.1725,0.7999,0.6272,0.9305
14:57:41.1739,0.8000,0.6273,0.9305
14:57:42.1740,0.8002,0.6274,0.9306
14:57:43.1759,0.8003,0.6274,0.9307
14:57:44.1786,0.8005,0.6275,0.9308
14:57:45.1837,0.8005,0.6275,0.9309
14:57:46.1908,0.8006,0.6278,0.9309
14:57:47.1883,0.8007,0.6280,0.9309
14:57:48.1884,0.8011,0.6282,0.9309
14:57:49.1884,0.8013,0.6285,0.9310
14:57:50.1909,0.8014,0.6283,0.9310
14:57:51.1910,0.8015,0.6281,0.9310
14:57:52.1924,0.8016,0.6283,0.9310
14:57:53.1925,0.8018,0.6286,0.9310
14:57:54.1926,0.8019,0.6288,0.9310
14:57:55.1958,0.8020,0.6290,0.9310
14:57:56.1962,0.8022,0.6293,0.9310
14:57:57.1962,0.8023,0.6295,0.9310
14:57:58.1970,0.8024,0.6298,0.9310
14:57:59.1963,0.8025,0.6300,0.9310
14:58:00.1964,0.8027,0.6302,0.9310
14:58:01.1991,0.8028,0.6305,0.9310
14:58:02.1998,0.8029,0.6308,0.9310
14:58:03.2033,0.8030,0.6311,0.9310
14:58:04.2054,0.8032,0.6313,0.9311
14:58:05.2055,0.8033,0.6316,0.9311
14:58:06.2057,0.8034,0.6318,0.9311
14:58:07.2078,0.8036,0.6321,0.9311
14:58:08.2118,0.8037,0.6323,0.9311
14:58:09.2118,0.8038,0.6325,0.9311
14:58:10.2141,0.8039,0.6328,0.9311
14:58:11.2161,0.8041,0.6332,0.9311
14:58:12.2162,0.8042,0.6334,0.9311
14:58:13.2168,0.8043,0.6336,0.9311
14:58:14.2168,0.8044,0.6339,0.9311
14:58:15.2173,0.8046,0.6341,0.9311
14:58:16.2206,0.8047,0.6343,0.9311
14:58:17.2220,0.8048,0.6348,0.9311
14:58:18.2229,0.8050,0.6350,0.9311
14:58:19.2242,0.8051,0.6353,0.9311
14:58:20.2242,0.8052,0.6355,0.9311
14:58:21.2251,0.8053,0.6358,0.9312
14:58:22.2269,0.8055,0.6360,0.9312
14:58:23.2300,0.8056,0.6363,0.9312
14:58:24.2305,0.8057,0.6365,0.9312
14:58:25.2319,0.8058,0.6367,0.9312
14:58:26.2320,0.8059,0.6369,0.9313
14:58:27.2320,0.8061,0.6371,0.9314
14:58:28.2334,0.8062,0.6374,0.9315
14:58:29.2362,0.8063,0.6376,0.9316
14:58:30.2374,0.8064,0.6378,0.9316
14:58:31.2399,0.8066,0.6380,0.9317
14:58:32.2401,0.8067,0.6382,0.9318
14:58:33.2410,0.8068,0.6384,0.9319
14:58:34.2412,0.8070,0.6386,0.9319
14:58:35.2444,0.8071,0.6389,0.9320
14:58:36.2469,0.8072,0.6391,0.9321
14:58:37.2467,0.8073,0.6393,0.9322
14:58:38.2468,0.8074,0.6400,0.9322
14:58:39.2502,0.8076,0.6396,0.9323
14:58:40.2503,0.8077,0.6392,0.9324
14:58:41.2513,0.8078,0.6388,0.9324
14:58:42.2517,0.8079,0.6385,0.9325
14:58:43.2541,0.8080,0.6381,0.9326
14:58:44.2570,0.8081,0.6383,0.9327
14:58:45.2591,0.8083,0.6386,0.9327
14:58:46.2623,0.8084,0.6389,0.9328
14:58:47.2632,0.8085,0.6391,0.9329
14:58:48.2649,0.8086,0.6394,0.9330
14:58:49.2646,0.8088,0.6396,0.9330
14:58:50.2673,0.8089,0.6399,0.9331
14:58:51.2713,0.8090,0.6401,0.9332
14:58:52.2718,0.8091,0.6403,0.9332
14:58:53.2715,0.8092,0.6406,0.9333
14:58:54.2729,0.8094,0.6408,0.9334
14:58:55.2729,0.8095,0.6411,0.9335
14:58:56.2763,0.8096,0.6413,0.9335
14:58:57.2794,0.8097,0.6415,0.9335
14:58:58.2795,0.8098,0.6418,0.9335
14:58:59.2821,0.8100,0.6420,0.9335
14:59:00.2823,0.8101,0.6422,0.9336
14:59:01.2827,0.8102,0.6425,0.9336
14:59:02.2827,0.8103,0.6427,0.9336
14:59:03.2858,0.8104,0.6430,0.9336
14:59:04.2882,0.8105,0.6432,0.9336
14:59:05.2875,0.8106,0.6434,0.9336
14:59:06.2875,0.8108,0.6437,0.9336
14:59:07.2876,0.8109,0.6439,0.9336
14:59:08.2913,0.8110,0.6441,0.9337
14:59:09.2919,0.8111,0.6444,0.9337
14:59:10.2920,0.8112,0.6446,0.9338
14:59:11.2921,0.8114,0.6449,0.9339
14:59:12.2922,0.8115,0.6450,0.9339
14:59:13.2928,0.8116,0.6451,0.9340
14:59:14.2928,0.8117,0.6452,0.9341
14:59:15.2962,0.8119,0.6447,0.9342
14:59:16.2987,0.8120,0.6442,0.9342
14:59:17.3013,0.8121,0.6437,0.9343
14:59:18.3245,0.8122,0.6432,0.9344
14:59:19.3110,0.8123,0.6427,0.9344
14:59:20.3174,0.8124,0.6422,0.9345
14:59:21.3160,0.8125,0.6417,0.9346
14:59:22.3184,0.8126,0.6412,0.9346
14:59:23.3195,0.8127,0.6407,0.9347
14:59:24.3210,0.8128,0.6402,0.9348
14:59:25.3247,0.8130,0.6397,0.9348
14:59:26.3249,0.8126,0.6392,0.9349
14:59:27.3255,0.8121,0.6387,0.9350
14:59:28.3255,0.8117,0.6382,0.9351
14:59:29.3256,0.8113,0.6378,0.9351
14:59:30.3288,0.8114,0.6379,0.9352
14:59:31.3312,0.8115,0.6381,0.9353
14:59:32.3388,0.8116,0.6383,0.9353
14:59:33.3420,0.8117,0.6386,0.9354
14:59:34.3552,0.8118,0.6388,0.9355
14:59:35.3606,0.8119,0.6390,0.9355
14:59:36.3566,0.8120,0.6393,0.9356
14:59:37.3589,0.8122,0.6395,0.9357
14:59:38.3599,0.8123,0.6397,0.9357
14:59:39.3603,0.8124,0.6400,0.9358
14:59:40.3644,0.8126,0.6402,0.9359
14:59:41.3647,0.8127,0.6404,0.9359
14:59:42.3660,0.8128,0.6407,0.9360
14:59:43.3694,0.8129,0.6409,0.9361
14:59:44.3728,0.8130,0.6412,0.9361
14:59:45.3766,0.8131,0.6414,0.9362
14:59:46.3794,0.8132,0.6416,0.9363
14:59:47.3794,0.8133,0.6418,0.9363
14:59:48.3885,0.8134,0.6420,0.9363
14:59:49.3836,0.8136,0.6423,0.9363
14:59:50.3857,0.8137,0.6425,0.9363
14:59:51.3857,0.8138,0.6427,0.9363
14:59:52.4048,0.8139,0.6429,0.9363
14:59:53.3930,0.8140,0.6431,0.9363
14:59:54.3942,0.8141,0.6433,0.9363
14:59:55.3945,0.8142,0.6435,0.9363
14:59:56.3975,0.8143,0.6438,0.9363
14:59:57.4007,0.8144,0.6440,0.9363
14:59:58.4019,0.8145,0.6442,0.9363
14:59:59.4020,0.8146,0.6444,0.9363
15:00:00.4020,0.8148,0.6446,0.9363
15:00:01.4052,0.8149,0.6448,0.9364
15:00:02.4052,0.8150,0.6451,0.9364
15:00:03.4076,0.8151,0.6453,0.9365
15:00:04.4141,0.8152,0.6455,0.9366
15:00:05.4099,0.8153,0.6457,0.9366
15:00:06.4100,0.8154,0.6460,0.9367
15:00:07.4100,0.8156,0.6462,0.9367
15:00:08.4116,0.8157,0.6464,0.9368
15:00:09.4119,0.8158,0.6466,0.9369
15:00:10.4117,0.8159,0.6468,0.9369
15:00:11.4141,0.8160,0.6471,0.9370
15:00:12.4151,0.8162,0.6468,0.9371
15:00:13.4164,0.8163,0.6466,0.9371
15:00:14.4195,0.8164,0.6464,0.9372
15:00:15.4195,0.8165,0.6462,0.9373
15:00:16.4196,0.8166,0.6460,0.9373
15:00:17.4198,0.8167,0.6457,0.9374
15:00:18.4199,0.8168,0.6455,0.9375
15:00:19.4199,0.8169,0.6452,0.9375
15:00:20.4200,0.8170,0.6450,0.9376
15:00:21.4205,0.8171,0.6447,0.9376
15:00:22.4215,0.8172,0.6445,0.9377
15:00:23.4234,0.8173,0.6442,0.9377
15:00:24.4265,0.8173,0.6447,0.9378
15:00:25.4268,0.8175,0.6449,0.9379
15:00:26.4271,0.8177,0.6451,0.9379
15:00:27.4287,0.8178,0.6453,0.9380
15:00:28.4296,0.8179,0.6455,0.9380
15:00:29.4330,0.8180,0.6458,0.9381
15:00:30.4350,0.8181,0.6460,0.9381
15:00:31.4358,0.8182,0.6457,0.9381
15:00:32.4359,0.8183,0.6455,0.9381
15:00:33.4361,0.8183,0.6453,0.9381
15:00:34.4370,0.8184,0.6451,0.9381
15:00:35.4378,0.8184,0.6448,0.9381
15:00:36.4405,0.8187,0.6446,0.9381
15:00:37.4446,0.8188,0.6443,0.9381
15:00:38.4447,0.8189,0.6441,0.9381
15:00:39.4447,0.8190,0.6438,0.9382
15:00:40.4447,0.8191,0.6434,0.9383
15:00:41.4474,0.8192,0.6430,0.9383
15:00:42.4505,0.8193,0.6428,0.9384
15:00:43.4537,0.8195,0.6425,0.9384
15:00:44.4568,0.8196,0.6427,0.9385
15:00:45.4587,0.8197,0.6429,0.9385
15:00:46.4667,0.8198,0.6431,0.9386
15:00:47.4643,0.8199,0.6433,0.9386
15:00:48.4661,0.8200,0.6435,0.9387
15:00:49.4674,0.8201,0.6437,0.9388
15:00:50.4674,0.8202,0.6436,0.9388
15:00:51.4691,0.8203,0.6433,0.9389
15:00:52.4692,0.8204,0.6431,0.9389
15:00:53.4692,0.8205,0.6429,0.9390
15:00:54.4693,0.8206,0.6427,0.9391
15:00:55.4720,0.8207,0.6424,0.9391
15:00:56.4727,0.8209,0.6422,0.9392
15:00:57.4759,0.8210,0.6420,0.9392
15:00:58.4789,0.8211,0.6418,0.9393
15:00:59.4798,0.8212,0.6416,0.9394
15:01:00.4830,0.8213,0.6414,0.9394
15:01:01.4833,0.8214,0.6412,0.9395
15:01:02.4834,0.8215,0.6409,0.9395
15:01:03.4859,0.8216,0.6403,0.9395
15:01:04.4882,0.8217,0.6403,0.9395
15:01:05.4877,0.8218,0.6401,0.9395
15:01:06.4901,0.8219,0.6399,0.9395
15:01:07.4901,0.8220,0.6397,0.9395
15:01:08.4923,0.8221,0.6395,0.9395
15:01:09.4923,0.8222,0.6393,0.9395
15:01:10.4926,0.8223,0.6391,0.9395
15:01:11.4933,0.8224,0.6389,0.9395
15:01:12.4959,0.8225,0.6381,0.9395
15:01:13.4960,0.8226,0.6374,0.9395
15:01:14.4960,0.8227,0.6366,0.9395
15:01:15.4971,0.8228,0.6359,0.9395
15:01:16.4974,0.8229,0.6355,0.9395
15:01:17.4997,0.8230,0.6353,0.9396
15:01:18.4997,0.8231,0.6349,0.9396
15:01:19.5022,0.8232,0.6346,0.9396
15:01:20.5040,0.8233,0.6343,0.9396
15:01:21.5040,0.8234,0.6339,0.9397
15:01:22.5071,0.8235,0.6336,0.9397
15:01:23.5052,0.8236,0.6332,0.9398
15:01:24.5051,0.8237,0.6329,0.9399
15:01:25.5050,0.8238,0.6326,0.9399
15:01:26.5053,0.8239,0.6322,0.9400
15:01:27.5058,0.8240,0.6326,0.9400
15:01:28.5053,0.8241,0.6328,0.9401
15:01:29.5057,0.8242,0.6330,0.9401
15:01:30.5072,0.8243,0.6332,0.9402
15:01:31.5127,0.8244,0.6335,0.9403
15:01:32.5084,0.8245,0.6338,0.9403
15:01:33.5094,0.8246,0.6340,0.9404
15:01:34.5136,0.8247,0.6342,0.9404
15:01:35.5165,0.8248,0.6344,0.9405
15:01:36.5136,0.8249,0.6346,0.9405
15:01:37.5136,0.8250,0.6343,0.9406
15:01:38.5137,0.8251,0.6339,0.9407
15:01:39.5138,0.8252,0.6334,0.9407
15:01:40.5139,0.8253,0.6330,0.9408
15:01:41.5174,0.8254,0.6326,0.9408
15:01:42.5176,0.8254,0.6322,0.9409
15:01:43.5177,0.8255,0.6318,0.9409
15:01:44.5179,0.8256,0.6319,0.9410
15:01:45.5217,0.8257,0.6320,0.9410
15:01:46.5254,0.8258,0.6322,0.9411
15:01:47.5215,0.8259,0.6323,0.9411
15:01:48.5217,0.8260,0.6324,0.9412
15:01:49.5219,0.8262,0.6325,0.9412
15:01:50.5225,0.8263,0.6326,0.9413
15:01:51.5249,0.8264,0.6327,0.9414
15:01:52.5317,0.8265,0.6329,0.9414
15:01:53.5298,0.8266,0.6330,0.9415
15:01:54.5298,0.8267,0.6325,0.9415
15:01:55.5313,0.8268,0.6328,0.9416
15:01:56.5312,0.8269,0.6330,0.9416
15:01:57.5320,0.8270,0.6331,0.9417
15:01:58.5329,0.8271,0.6332,0.9417
15:01:59.5330,0.8272,0.6333,0.9418
15:02:00.5346,0.8273,0.6334,0.9419
15:02:01.5343,0.8274,0.6335,0.9419
15:02:02.5343,0.8275,0.6337,0.9420
15:02:03.5344,0.8276,0.6338,0.9420
15:02:04.5344,0.8277,0.6339,0.9421
15:02:05.5362,0.8278,0.6340,0.9421
15:02:06.5354,0.8279,0.6341,0.9422
15:02:07.5363,0.8280,0.6344,0.9422
15:02:08.5359,0.8281,0.6346,0.9423
15:02:09.5387,0.8281,0.6348,0.9423
15:02:10.5421,0.8282,0.6350,0.9424
15:02:11.5400,0.8283,0.6352,0.9424
15:02:12.5394,0.8284,0.6354,0.9425
15:02:13.5395,0.8285,0.6356,0.9426
15:02:14.5415,0.8286,0.6358,0.9426
15:02:15.5415,0.8287,0.6360,0.9427
15:02:16.5454,0.8288,0.6361,0.9427
15:02:17.5443,0.8289,0.6362,0.9428
15:02:18.5483,0.8290,0.6363,0.9428
15:02:19.5488,0.8291,0.6364,0.9429
15:02:20.5524,0.8292,0.6365,0.9429
15:02:21.5523,0.8293,0.6366,0.9430
15:02:22.5524,0.8294,0.6367,0.9430
15:02:23.5524,0.8295,0.6368,0.9431
15:02:24.5525,0.8296,0.6369,0.9431
15:02:25.5551,0.8297,0.6370,0.9432
15:02:26.5562,0.8298,0.6371,0.9432
15:02:27.5598,0.8299,0.6372,0.9433
15:02:28.5632,0.8300,0.6373,0.9433
15:02:29.5653,0.8300,0.6374,0.9434
15:02:30.5653,0.8301,0.6374,0.9434
15:02:31.5656,0.8302,0.6375,0.9435
15:02:32.5656,0.8303,0.6375,0.9435
15:02:33.5687,0.8304,0.6376,0.9436
15:02:34.5714,0.8305,0.6376,0.9436
15:02:35.5712,0.8306,0.6377,0.9437
15:02:36.5747,0.8307,0.6377,0.9437
15:02:37.5789,0.8308,0.6379,0.9437
15:02:38.5793,0.8309,0.6380,0.9428
15:02:39.5796,0.8310,0.6381,0.9419
15:02:40.5816,0.8311,0.6382,0.9411
15:02:41.5832,0.8311,0.6382,0.9402
15:02:42.5829,0.8312,0.6378,0.9402
15:02:43.5847,0.8313,0.6374,0.9402
15:02:44.5874,0.8315,0.6369,0.9402
15:02:45.5834,0.8315,0.6368,0.9402
15:02:46.5875,0.8316,0.6369,0.9402
15:02:47.5836,0.8317,0.6369,0.9402
15:02:48.5835,0.8318,0.6370,0.9402
15:02:49.5861,0.8319,0.6371,0.9402
15:02:50.5884,0.8320,0.6372,0.9402
15:02:51.5901,0.8320,0.6373,0.9402
15:02:52.5936,0.8321,0.6374,0.9402
15:02:53.5940,0.8321,0.6375,0.9402
15:02:54.5967,0.8322,0.6377,0.9403
15:02:55.5997,0.8323,0.6379,0.9403
15:02:56.6018,0.8324,0.6380,0.9403
15:02:57.6021,0.8325,0.6382,0.9403
15:02:58.6034,0.8326,0.6384,0.9403
15:02:59.6045,0.8326,0.6386,0.9403
15:03:00.6057,0.8327,0.6390,0.9403
15:03:01.6056,0.8329,0.6392,0.9403
15:03:02.6088,0.8330,0.6394,0.9403
15:03:03.6089,0.8330,0.6396,0.9403
15:03:04.6093,0.8331,0.6398,0.9403
15:03:05.6109,0.8331,0.6400,0.9403
15:03:06.6145,0.8332,0.6402,0.9403
15:03:07.6118,0.8333,0.6404,0.9403
15:03:08.6155,0.8334,0.6405,0.9403
15:03:09.6168,0.8335,0.6407,0.9403
15:03:10.6168,0.8336,0.6405,0.9403
15:03:11.6169,0.8337,0.6403,0.9403
15:03:12.6169,0.8338,0.6401,0.9403
15:03:13.6207,0.8338,0.6399,0.9403
15:03:14.6226,0.8339,0.6398,0.9403
15:03:15.6251,0.8340,0.6396,0.9403
15:03:16.6254,0.8340,0.6398,0.9403
15:03:17.6255,0.8341,0.6399,0.9403
15:03:18.6263,0.8345,0.6401,0.9403
15:03:19.6263,0.8346,0.6403,0.9403
15:03:20.6286,0.8347,0.6404,0.9403
15:03:21.6323,0.8348,0.6406,0.9403
15:03:22.6327,0.8349,0.6408,0.9403
15:03:23.6327,0.8349,0.6410,0.9403
15:03:24.6344,0.8350,0.6412,0.9403
15:03:25.6346,0.8351,0.6414,0.9404
15:03:26.6371,0.8352,0.6412,0.9405
15:03:27.6374,0.8353,0.6414,0.9405
15:03:28.6375,0.8354,0.6416,0.9406
15:03:29.6404,0.8354,0.6418,0.9406
15:03:30.6431,0.8355,0.6420,0.9407
15:03:31.6435,0.8356,0.6422,0.9407
15:03:32.6426,0.8357,0.6424,0.9399
15:03:33.6443,0.8358,0.6426,0.9391
15:03:34.6444,0.8359,0.6427,0.9383
15:03:35.6444,0.8360,0.6429,0.9376
15:03:36.6455,0.8360,0.6431,0.9368
15:03:37.6455,0.8361,0.6429,0.9369
15:03:38.6446,0.8362,0.6426,0.9369
15:03:39.6456,0.8363,0.6423,0.9370
15:03:40.6476,0.8364,0.6419,0.9370
15:03:41.6480,0.8365,0.6416,0.9371
15:03:42.6480,0.8366,0.6413,0.9371
15:03:43.6503,0.8367,0.6410,0.9372
15:03:44.6515,0.8368,0.6402,0.9372
15:03:45.6516,0.8369,0.6394,0.9373
15:03:46.6556,0.8370,0.6386,0.9373
15:03:47.6557,0.8371,0.6378,0.9374
15:03:48.6558,0.8372,0.6371,0.9374
15:03:49.6558,0.8373,0.6363,0.9375
15:03:50.6574,0.8373,0.6355,0.9375
15:03:51.6600,0.8374,0.6352,0.9376
15:03:52.6606,0.8375,0.6349,0.9376
15:03:53.6609,0.8376,0.6347,0.9377
15:03:54.6628,0.8377,0.6344,0.9377
15:03:55.6674,0.8378,0.6337,0.9378
15:03:56.6685,0.8379,0.6335,0.9378
15:03:57.6685,0.8379,0.6334,0.9379
15:03:58.6722,0.8380,0.6332,0.9379
15:03:59.6780,0.8381,0.6330,0.9380
15:04:00.6776,0.8382,0.6328,0.9381
15:04:01.6767,0.8383,0.6326,0.9381
15:04:02.6792,0.8384,0.6324,0.9382
15:04:03.6791,0.8384,0.6322,0.9382
15:04:04.6792,0.8385,0.6325,0.9383
15:04:05.6823,0.8386,0.6327,0.9383
15:04:06.6808,0.8387,0.6329,0.9383
15:04:07.6814,0.8388,0.6331,0.9384
15:04:08.6816,0.8389,0.6333,0.9384
15:04:09.6817,0.8389,0.6335,0.9385
15:04:10.6854,0.8390,0.6337,0.9385
15:04:11.6862,0.8391,0.6339,0.9386
15:04:12.6863,0.8392,0.6341,0.9386
15:04:13.6883,0.8393,0.6343,0.9387
15:04:14.6887,0.8393,0.6345,0.9387
15:04:15.6896,0.8394,0.6347,0.9388
15:04:16.6896,0.8395,0.6349,0.9388
15:04:17.6926,0.8396,0.6351,0.9388
15:04:18.6927,0.8396,0.6353,0.9389
